filename,order,num_chrs
sample_00001.png,0_1_-1,2
sample_00008.png,0_1_-1,2
sample_00003.png,0_1_-1,2
sample_00013.png,0_1_-1,2
sample_00012.png,0_1_-1,2
sample_00018.png,0_1_-1,2
sample_00009.png,0_1_-1,2
sample_00007.png,0_1_-1,2
sample_00014.png,0_1_-1,2
sample_00011.png,0_1_-1,2
sample_00004.png,0_1_-1,2
sample_00016.png,0_1_-1,2
sample_00017.png,0_1_2,3
sample_00002.png,0_1_2,3
sample_00000.png,0_1_2,3
sample_00005.png,0_1_2,3
sample_00010.png,0_1_2,3
sample_00015.png,0_1_2,3
sample_00006.png,0_1_2,3
sample_00019.png,0_1_2,3
sample_00021.png,0_1_-1,2
sample_00025.png,0_1_-1,2
sample_00028.png,0_1_-1,2
sample_00031.png,0_1_-1,2
sample_00020.png,0_1_2,3
sample_00022.png,0_1_2,3
sample_00032.png,0_1_-1,2
sample_00036.png,0_1_-1,2
sample_00026.png,0_1_2,3
sample_00023.png,0_1_2,3
sample_00024.png,0_1_2,3
sample_00030.png,0_1_2,3
sample_00039.png,0_1_-1,2
sample_00033.png,0_1_2,3
sample_00035.png,0_1_2,3
sample_00038.png,0_1_2,3
sample_00029.png,0_1_2,3
sample_00034.png,0_1_2,3
sample_00037.png,0_1_2,3
sample_00040.png,0_1_-1,2
sample_00041.png,0_1_-1,2
sample_00027.png,0_1_2,3
sample_00043.png,0_1_-1,2
sample_00044.png,0_1_-1,2
sample_00045.png,0_1_-1,2
sample_00042.png,0_1_2,3
sample_00047.png,0_1_-1,2
sample_00049.png,0_1_-1,2
sample_00051.png,0_1_-1,2
sample_00050.png,0_1_-1,2
sample_00046.png,0_1_2,3
sample_00048.png,0_1_2,3
sample_00057.png,0_1_-1,2
sample_00055.png,0_1_-1,2
sample_00052.png,0_1_2,3
sample_00059.png,0_1_-1,2
sample_00060.png,0_1_-1,2
sample_00053.png,0_1_2,3
sample_00061.png,0_1_-1,2
sample_00054.png,0_1_2,3
sample_00063.png,0_1_-1,2
sample_00064.png,0_1_-1,2
sample_00058.png,0_1_2,3
sample_00065.png,0_1_-1,2
sample_00056.png,0_1_2,3
sample_00067.png,0_1_-1,2
sample_00066.png,0_1_-1,2
sample_00062.png,0_1_2,3
sample_00073.png,0_1_-1,2
sample_00071.png,0_1_-1,2
sample_00072.png,0_1_-1,2
sample_00068.png,0_1_2,3
sample_00069.png,0_1_2,3
sample_00076.png,0_1_-1,2
sample_00075.png,0_1_-1,2
sample_00070.png,0_1_2,3
sample_00080.png,0_1_-1,2
sample_00079.png,0_1_-1,2
sample_00074.png,0_1_2,3
sample_00083.png,0_1_-1,2
sample_00082.png,0_1_-1,2
sample_00085.png,0_1_-1,2
sample_00078.png,0_1_2,3
sample_00087.png,0_1_-1,2
sample_00077.png,0_1_2,3
sample_00084.png,0_1_2,3
sample_00081.png,0_1_2,3
sample_00090.png,0_1_-1,2
sample_00088.png,0_1_-1,2
sample_00089.png,0_1_-1,2
sample_00092.png,0_1_-1,2
sample_00091.png,0_1_-1,2
sample_00086.png,0_1_2,3
sample_00096.png,0_1_-1,2
sample_00094.png,0_1_2,3
sample_00098.png,0_1_-1,2
sample_00093.png,0_1_2,3
sample_00100.png,0_1_-1,2
sample_00097.png,0_1_-1,2
sample_00099.png,0_1_-1,2
sample_00102.png,0_1_-1,2
sample_00095.png,0_1_2,3
sample_00108.png,0_1_-1,2
sample_00107.png,0_1_-1,2
sample_00109.png,0_1_-1,2
sample_00101.png,0_1_2,3
sample_00112.png,0_1_-1,2
sample_00104.png,0_1_2,3
sample_00103.png,0_1_2,3
sample_00106.png,0_1_2,3
sample_00105.png,0_1_2,3
sample_00110.png,0_1_2,3
sample_00113.png,0_1_-1,2
sample_00111.png,0_1_2,3
sample_00114.png,0_1_-1,2
sample_00117.png,0_1_-1,2
sample_00121.png,0_1_-1,2
sample_00116.png,0_1_2,3
sample_00123.png,0_1_-1,2
sample_00118.png,0_1_2,3
sample_00119.png,0_1_2,3
sample_00115.png,0_1_2,3
sample_00127.png,0_1_-1,2
sample_00120.png,0_1_2,3
sample_00132.png,0_1_-1,2
sample_00131.png,0_1_-1,2
sample_00125.png,0_1_2,3
sample_00126.png,0_1_2,3
sample_00124.png,0_1_2,3
sample_00133.png,0_1_-1,2
sample_00122.png,0_1_2,3
sample_00134.png,0_1_-1,2
sample_00129.png,0_1_2,3
sample_00128.png,0_1_2,3
sample_00130.png,0_1_2,3
sample_00138.png,0_1_-1,2
sample_00139.png,0_1_-1,2
sample_00137.png,0_1_-1,2
sample_00135.png,0_1_2,3
sample_00136.png,0_1_2,3
sample_00146.png,0_1_-1,2
sample_00144.png,0_1_-1,2
sample_00148.png,0_1_-1,2
sample_00149.png,0_1_-1,2
sample_00142.png,0_1_2,3
sample_00140.png,0_1_2,3
sample_00154.png,0_1_-1,2
sample_00143.png,0_1_2,3
sample_00141.png,0_1_2,3
sample_00145.png,0_1_2,3
sample_00147.png,0_1_2,3
sample_00156.png,0_1_-1,2
sample_00150.png,0_1_2,3
sample_00153.png,0_1_2,3
sample_00151.png,0_1_2,3
sample_00152.png,0_1_2,3
sample_00159.png,0_1_-1,2
sample_00160.png,0_1_-1,2
sample_00155.png,0_1_2,3
sample_00157.png,0_1_2,3
sample_00158.png,0_1_2,3
sample_00162.png,0_1_-1,2
sample_00164.png,0_1_-1,2
sample_00165.png,0_1_-1,2
sample_00166.png,0_1_-1,2
sample_00161.png,0_1_2,3
sample_00169.png,0_1_-1,2
sample_00163.png,0_1_2,3
sample_00167.png,0_1_-1,2
sample_00173.png,0_1_-1,2
sample_00172.png,0_1_-1,2
sample_00175.png,0_1_-1,2
sample_00176.png,0_1_-1,2
sample_00168.png,0_1_2,3
sample_00170.png,0_1_2,3
sample_00171.png,0_1_2,3
sample_00174.png,0_1_2,3
sample_00182.png,0_1_-1,2
sample_00180.png,0_1_-1,2
sample_00183.png,0_1_-1,2
sample_00184.png,0_1_-1,2
sample_00186.png,0_1_-1,2
sample_00179.png,0_1_2,3
sample_00178.png,0_1_2,3
sample_00187.png,0_1_-1,2
sample_00190.png,0_1_-1,2
sample_00189.png,0_1_-1,2
sample_00185.png,0_1_2,3
sample_00192.png,0_1_-1,2
sample_00181.png,0_1_2,3
sample_00177.png,0_1_2,3
sample_00188.png,0_1_2,3
sample_00194.png,0_1_2,3
sample_00198.png,0_1_-1,2
sample_00199.png,0_1_-1,2
sample_00196.png,0_1_2,3
sample_00201.png,0_1_-1,2
sample_00193.png,0_1_2,3
sample_00191.png,0_1_2,3
sample_00195.png,0_1_2,3
sample_00203.png,0_1_-1,2
sample_00197.png,0_1_2,3
sample_00200.png,0_1_-1,2
sample_00204.png,0_1_-1,2
sample_00206.png,0_1_-1,2
sample_00205.png,0_1_-1,2
sample_00208.png,0_1_-1,2
sample_00210.png,0_1_-1,2
sample_00202.png,0_1_2,3
sample_00212.png,0_1_-1,2
sample_00209.png,0_1_2,3
sample_00207.png,0_1_2,3
sample_00213.png,0_1_-1,2
sample_00211.png,0_1_2,3
sample_00215.png,0_1_-1,2
sample_00218.png,0_1_-1,2
sample_00221.png,0_1_-1,2
sample_00223.png,0_1_-1,2
sample_00224.png,0_1_-1,2
sample_00214.png,0_1_2,3
sample_00216.png,0_1_2,3
sample_00220.png,0_1_2,3
sample_00226.png,0_1_-1,2
sample_00219.png,0_1_2,3
sample_00217.png,0_1_2,3
sample_00227.png,0_1_-1,2
sample_00222.png,0_1_2,3
sample_00225.png,0_1_2,3
sample_00228.png,0_1_2,3
sample_00232.png,0_1_-1,2
sample_00234.png,0_1_-1,2
sample_00235.png,0_1_-1,2
sample_00230.png,0_1_2,3
sample_00239.png,0_1_-1,2
sample_00233.png,0_1_2,3
sample_00231.png,0_1_2,3
sample_00229.png,0_1_2,3
sample_00242.png,0_1_-1,2
sample_00245.png,0_1_-1,2
sample_00236.png,0_1_2,3
sample_00237.png,0_1_2,3
sample_00241.png,0_1_2,3
sample_00240.png,0_1_2,3
sample_00243.png,0_1_2,3
sample_00244.png,0_1_2,3
sample_00247.png,0_1_-1,2
sample_00249.png,0_1_-1,2
sample_00238.png,0_1_2,3
sample_00250.png,0_1_-1,2
sample_00246.png,0_1_2,3
sample_00251.png,0_1_-1,2
sample_00248.png,0_1_2,3
sample_00255.png,0_1_-1,2
sample_00254.png,0_1_-1,2
sample_00256.png,0_1_-1,2
sample_00257.png,0_1_-1,2
sample_00259.png,0_1_-1,2
sample_00260.png,0_1_-1,2
sample_00253.png,0_1_2,3
sample_00261.png,0_1_-1,2
sample_00262.png,0_1_-1,2
sample_00258.png,0_1_2,3
sample_00269.png,0_1_-1,2
sample_00267.png,0_1_-1,2
sample_00252.png,0_1_2,3
sample_00264.png,0_1_2,3
sample_00271.png,0_1_-1,2
sample_00263.png,0_1_2,3
sample_00265.png,0_1_2,3
sample_00273.png,0_1_-1,2
sample_00266.png,0_1_2,3
sample_00270.png,0_1_2,3
sample_00274.png,0_1_-1,2
sample_00268.png,0_1_2,3
sample_00279.png,0_1_-1,2
sample_00272.png,0_1_2,3
sample_00276.png,0_1_-1,2
sample_00275.png,0_1_2,3
sample_00280.png,0_1_-1,2
sample_00277.png,0_1_2,3
sample_00278.png,0_1_2,3
sample_00281.png,0_1_-1,2
sample_00284.png,0_1_-1,2
sample_00286.png,0_1_-1,2
sample_00282.png,0_1_2,3
sample_00283.png,0_1_2,3
sample_00285.png,0_1_2,3
sample_00287.png,0_1_2,3
sample_00296.png,0_1_-1,2
sample_00293.png,0_1_-1,2
sample_00288.png,0_1_2,3
sample_00289.png,0_1_2,3
sample_00298.png,0_1_-1,2
sample_00290.png,0_1_2,3
sample_00291.png,0_1_2,3
sample_00299.png,0_1_-1,2
sample_00292.png,0_1_2,3
sample_00294.png,0_1_-1,2
sample_00301.png,0_1_-1,2
sample_00295.png,0_1_2,3
sample_00303.png,0_1_-1,2
sample_00300.png,0_1_2,3
sample_00305.png,0_1_-1,2
sample_00297.png,0_1_2,3
sample_00304.png,0_1_-1,2
sample_00302.png,0_1_2,3
sample_00306.png,0_1_-1,2
sample_00308.png,0_1_-1,2
sample_00309.png,0_1_-1,2
sample_00314.png,0_1_-1,2
sample_00307.png,0_1_2,3
sample_00315.png,0_1_-1,2
sample_00317.png,0_1_-1,2
sample_00312.png,0_1_2,3
sample_00319.png,0_1_-1,2
sample_00316.png,0_1_-1,2
sample_00310.png,0_1_2,3
sample_00320.png,0_1_-1,2
sample_00313.png,0_1_2,3
sample_00311.png,0_1_2,3
sample_00321.png,0_1_-1,2
sample_00318.png,0_1_2,3
sample_00326.png,0_1_-1,2
sample_00323.png,0_1_2,3
sample_00322.png,0_1_2,3
sample_00324.png,0_1_2,3
sample_00332.png,0_1_-1,2
sample_00325.png,0_1_2,3
sample_00327.png,0_1_2,3
sample_00335.png,0_1_-1,2
sample_00329.png,0_1_2,3
sample_00337.png,0_1_-1,2
sample_00328.png,0_1_2,3
sample_00330.png,0_1_2,3
sample_00338.png,0_1_-1,2
sample_00339.png,0_1_-1,2
sample_00336.png,0_1_-1,2
sample_00340.png,0_1_-1,2
sample_00331.png,0_1_2,3
sample_00333.png,0_1_2,3
sample_00334.png,0_1_2,3
sample_00341.png,0_1_2,3
sample_00343.png,0_1_-1,2
sample_00342.png,0_1_-1,2
sample_00344.png,0_1_-1,2
sample_00347.png,0_1_-1,2
sample_00349.png,0_1_-1,2
sample_00355.png,0_1_-1,2
sample_00353.png,0_1_-1,2
sample_00354.png,0_1_-1,2
sample_00345.png,0_1_2,3
sample_00348.png,0_1_2,3
sample_00346.png,0_1_2,3
sample_00357.png,0_1_-1,2
sample_00359.png,0_1_-1,2
sample_00350.png,0_1_2,3
sample_00351.png,0_1_2,3
sample_00352.png,0_1_2,3
sample_00356.png,0_1_2,3
sample_00358.png,0_1_2,3
sample_00360.png,0_1_2,3
sample_00361.png,0_1_2,3
sample_00367.png,0_1_-1,2
sample_00366.png,0_1_-1,2
sample_00363.png,0_1_2,3
sample_00364.png,0_1_2,3
sample_00362.png,0_1_2,3
sample_00370.png,0_1_-1,2
sample_00372.png,0_1_-1,2
sample_00371.png,0_1_-1,2
sample_00365.png,0_1_2,3
sample_00374.png,0_1_-1,2
sample_00373.png,0_1_-1,2
sample_00375.png,0_1_-1,2
sample_00368.png,0_1_2,3
sample_00369.png,0_1_2,3
sample_00377.png,0_1_-1,2
sample_00378.png,0_1_-1,2
sample_00379.png,0_1_-1,2
sample_00376.png,0_1_2,3
sample_00381.png,0_1_-1,2
sample_00382.png,0_1_-1,2
sample_00387.png,0_1_-1,2
sample_00380.png,0_1_2,3
sample_00391.png,0_1_-1,2
sample_00393.png,0_1_-1,2
sample_00384.png,0_1_2,3
sample_00385.png,0_1_2,3
sample_00386.png,0_1_2,3
sample_00383.png,0_1_2,3
sample_00397.png,0_1_-1,2
sample_00396.png,0_1_-1,2
sample_00388.png,0_1_2,3
sample_00389.png,0_1_2,3
sample_00395.png,0_1_-1,2
sample_00390.png,0_1_2,3
sample_00392.png,0_1_2,3
sample_00399.png,0_1_-1,2
sample_00394.png,0_1_2,3
sample_00400.png,0_1_-1,2
sample_00401.png,0_1_-1,2
sample_00398.png,0_1_2,3
sample_00405.png,0_1_-1,2
sample_00403.png,0_1_-1,2
sample_00406.png,0_1_-1,2
sample_00410.png,0_1_-1,2
sample_00412.png,0_1_-1,2
sample_00414.png,0_1_-1,2
sample_00411.png,0_1_-1,2
sample_00402.png,0_1_2,3
sample_00408.png,0_1_2,3
sample_00404.png,0_1_-1,2
sample_00416.png,0_1_-1,2
sample_00413.png,0_1_2,3
sample_00409.png,0_1_2,3
sample_00418.png,0_1_-1,2
sample_00415.png,0_1_2,3
sample_00407.png,0_1_2,3
sample_00420.png,0_1_-1,2
sample_00417.png,0_1_2,3
sample_00423.png,0_1_-1,2
sample_00422.png,0_1_-1,2
sample_00419.png,0_1_2,3
sample_00421.png,0_1_2,3
sample_00426.png,0_1_-1,2
sample_00425.png,0_1_-1,2
sample_00428.png,0_1_-1,2
sample_00424.png,0_1_2,3
sample_00427.png,0_1_-1,2
sample_00430.png,0_1_-1,2
sample_00434.png,0_1_-1,2
sample_00436.png,0_1_-1,2
sample_00429.png,0_1_2,3
sample_00438.png,0_1_-1,2
sample_00433.png,0_1_-1,2
sample_00435.png,0_1_2,3
sample_00432.png,0_1_2,3
sample_00439.png,0_1_-1,2
sample_00431.png,0_1_2,3
sample_00440.png,0_1_-1,2
sample_00441.png,0_1_-1,2
sample_00437.png,0_1_2,3
sample_00442.png,0_1_-1,2
sample_00447.png,0_1_-1,2
sample_00444.png,0_1_-1,2
sample_00448.png,0_1_-1,2
sample_00449.png,0_1_-1,2
sample_00452.png,0_1_-1,2
sample_00446.png,0_1_2,3
sample_00450.png,0_1_-1,2
sample_00451.png,0_1_-1,2
sample_00445.png,0_1_2,3
sample_00453.png,0_1_-1,2
sample_00454.png,0_1_-1,2
sample_00458.png,0_1_-1,2
sample_00460.png,0_1_-1,2
sample_00457.png,0_1_2,3
sample_00455.png,0_1_2,3
sample_00443.png,0_1_2,3
sample_00456.png,0_1_2,3
sample_00463.png,0_1_-1,2
sample_00464.png,0_1_-1,2
sample_00465.png,0_1_-1,2
sample_00459.png,0_1_2,3
sample_00461.png,0_1_2,3
sample_00467.png,0_1_-1,2
sample_00469.png,0_1_-1,2
sample_00470.png,0_1_-1,2
sample_00466.png,0_1_2,3
sample_00462.png,0_1_2,3
sample_00473.png,0_1_-1,2
sample_00474.png,0_1_-1,2
sample_00468.png,0_1_2,3
sample_00471.png,0_1_2,3
sample_00472.png,0_1_2,3
sample_00476.png,0_1_-1,2
sample_00480.png,0_1_-1,2
sample_00477.png,0_1_2,3
sample_00475.png,0_1_2,3
sample_00478.png,0_1_2,3
sample_00479.png,0_1_2,3
sample_00481.png,0_1_2,3
sample_00486.png,0_1_-1,2
sample_00485.png,0_1_-1,2
sample_00483.png,0_1_2,3
sample_00484.png,0_1_2,3
sample_00488.png,0_1_-1,2
sample_00482.png,0_1_2,3
sample_00491.png,0_1_-1,2
sample_00487.png,0_1_2,3
sample_00493.png,0_1_2,3
sample_00497.png,0_1_-1,2
sample_00490.png,0_1_2,3
sample_00492.png,0_1_2,3
sample_00489.png,0_1_2,3
sample_00498.png,0_1_-1,2
sample_00494.png,0_1_2,3
sample_00499.png,0_1_-1,2
sample_00495.png,0_1_2,3
sample_00496.png,0_1_2,3
sample_00503.png,0_1_-1,2
sample_00505.png,0_1_-1,2
sample_00504.png,0_1_-1,2
sample_00500.png,0_1_2,3
sample_00507.png,0_1_-1,2
sample_00501.png,0_1_2,3
sample_00502.png,0_1_2,3
sample_00506.png,0_1_2,3
sample_00511.png,0_1_-1,2
sample_00514.png,0_1_-1,2
sample_00512.png,0_1_-1,2
sample_00508.png,0_1_2,3
sample_00513.png,0_1_-1,2
sample_00509.png,0_1_2,3
sample_00515.png,0_1_-1,2
sample_00510.png,0_1_2,3
sample_00516.png,0_1_2,3
sample_00521.png,0_1_-1,2
sample_00517.png,0_1_2,3
sample_00522.png,0_1_-1,2
sample_00524.png,0_1_-1,2
sample_00518.png,0_1_2,3
sample_00519.png,0_1_2,3
sample_00520.png,0_1_2,3
sample_00523.png,0_1_2,3
sample_00532.png,0_1_-1,2
sample_00525.png,0_1_2,3
sample_00526.png,0_1_2,3
sample_00533.png,0_1_-1,2
sample_00534.png,0_1_-1,2
sample_00528.png,0_1_2,3
sample_00527.png,0_1_2,3
sample_00531.png,0_1_2,3
sample_00529.png,0_1_2,3
sample_00530.png,0_1_2,3
sample_00535.png,0_1_-1,2
sample_00538.png,0_1_-1,2
sample_00541.png,0_1_-1,2
sample_00542.png,0_1_-1,2
sample_00536.png,0_1_2,3
sample_00537.png,0_1_2,3
sample_00539.png,0_1_-1,2
sample_00540.png,0_1_2,3
sample_00545.png,0_1_-1,2
sample_00543.png,0_1_2,3
sample_00547.png,0_1_-1,2
sample_00546.png,0_1_-1,2
sample_00544.png,0_1_2,3
sample_00553.png,0_1_-1,2
sample_00552.png,0_1_-1,2
sample_00555.png,0_1_-1,2
sample_00548.png,0_1_2,3
sample_00557.png,0_1_-1,2
sample_00550.png,0_1_2,3
sample_00551.png,0_1_2,3
sample_00559.png,0_1_-1,2
sample_00549.png,0_1_2,3
sample_00556.png,0_1_2,3
sample_00554.png,0_1_2,3
sample_00560.png,0_1_2,3
sample_00562.png,0_1_2,3
sample_00561.png,0_1_2,3
sample_00568.png,0_1_-1,2
sample_00558.png,0_1_2,3
sample_00564.png,0_1_2,3
sample_00565.png,0_1_2,3
sample_00570.png,0_1_-1,2
sample_00567.png,0_1_-1,2
sample_00563.png,0_1_2,3
sample_00571.png,0_1_-1,2
sample_00566.png,0_1_2,3
sample_00575.png,0_1_-1,2
sample_00569.png,0_1_2,3
sample_00574.png,0_1_-1,2
sample_00577.png,0_1_-1,2
sample_00572.png,0_1_2,3
sample_00576.png,0_1_2,3
sample_00579.png,0_1_-1,2
sample_00578.png,0_1_2,3
sample_00582.png,0_1_-1,2
sample_00585.png,0_1_-1,2
sample_00573.png,0_1_2,3
sample_00590.png,0_1_-1,2
sample_00589.png,0_1_-1,2
sample_00580.png,0_1_2,3
sample_00581.png,0_1_2,3
sample_00584.png,0_1_2,3
sample_00583.png,0_1_2,3
sample_00592.png,0_1_-1,2
sample_00586.png,0_1_2,3
sample_00594.png,0_1_-1,2
sample_00588.png,0_1_2,3
sample_00587.png,0_1_2,3
sample_00591.png,0_1_2,3
sample_00593.png,0_1_2,3
sample_00596.png,0_1_-1,2
sample_00597.png,0_1_-1,2
sample_00601.png,0_1_-1,2
sample_00595.png,0_1_2,3
sample_00602.png,0_1_-1,2
sample_00603.png,0_1_-1,2
sample_00604.png,0_1_-1,2
sample_00605.png,0_1_-1,2
sample_00598.png,0_1_2,3
sample_00600.png,0_1_2,3
sample_00608.png,0_1_-1,2
sample_00610.png,0_1_-1,2
sample_00599.png,0_1_2,3
sample_00613.png,0_1_-1,2
sample_00614.png,0_1_-1,2
sample_00607.png,0_1_2,3
sample_00611.png,0_1_2,3
sample_00606.png,0_1_2,3
sample_00609.png,0_1_2,3
sample_00616.png,0_1_-1,2
sample_00612.png,0_1_2,3
sample_00620.png,0_1_-1,2
sample_00621.png,0_1_-1,2
sample_00618.png,0_1_-1,2
sample_00615.png,0_1_-1,2
sample_00622.png,0_1_-1,2
sample_00623.png,0_1_-1,2
sample_00626.png,0_1_-1,2
sample_00624.png,0_1_-1,2
sample_00619.png,0_1_2,3
sample_00617.png,0_1_2,3
sample_00629.png,0_1_-1,2
sample_00627.png,0_1_2,3
sample_00625.png,0_1_2,3
sample_00632.png,0_1_-1,2
sample_00634.png,0_1_-1,2
sample_00635.png,0_1_-1,2
sample_00633.png,0_1_-1,2
sample_00628.png,0_1_2,3
sample_00631.png,0_1_2,3
sample_00630.png,0_1_2,3
sample_00637.png,0_1_-1,2
sample_00636.png,0_1_-1,2
sample_00644.png,0_1_-1,2
sample_00641.png,0_1_-1,2
sample_00640.png,0_1_-1,2
sample_00639.png,0_1_2,3
sample_00645.png,0_1_-1,2
sample_00638.png,0_1_2,3
sample_00642.png,0_1_2,3
sample_00650.png,0_1_-1,2
sample_00649.png,0_1_-1,2
sample_00643.png,0_1_2,3
sample_00651.png,0_1_-1,2
sample_00646.png,0_1_2,3
sample_00652.png,0_1_-1,2
sample_00647.png,0_1_2,3
sample_00648.png,0_1_2,3
sample_00658.png,0_1_-1,2
sample_00653.png,0_1_2,3
sample_00654.png,0_1_2,3
sample_00660.png,0_1_-1,2
sample_00655.png,0_1_2,3
sample_00656.png,0_1_2,3
sample_00657.png,0_1_2,3
sample_00659.png,0_1_2,3
sample_00666.png,0_1_-1,2
sample_00661.png,0_1_2,3
sample_00668.png,0_1_-1,2
sample_00667.png,0_1_-1,2
sample_00663.png,0_1_2,3
sample_00669.png,0_1_-1,2
sample_00664.png,0_1_2,3
sample_00662.png,0_1_2,3
sample_00665.png,0_1_2,3
sample_00672.png,0_1_-1,2
sample_00674.png,0_1_-1,2
sample_00671.png,0_1_2,3
sample_00676.png,0_1_-1,2
sample_00675.png,0_1_-1,2
sample_00678.png,0_1_-1,2
sample_00670.png,0_1_2,3
sample_00673.png,0_1_2,3
sample_00677.png,0_1_2,3
sample_00681.png,0_1_-1,2
sample_00684.png,0_1_-1,2
sample_00685.png,0_1_-1,2
sample_00679.png,0_1_2,3
sample_00683.png,0_1_-1,2
sample_00680.png,0_1_2,3
sample_00687.png,0_1_-1,2
sample_00690.png,0_1_-1,2
sample_00686.png,0_1_2,3
sample_00682.png,0_1_2,3
sample_00688.png,0_1_2,3
sample_00693.png,0_1_-1,2
sample_00695.png,0_1_-1,2
sample_00696.png,0_1_-1,2
sample_00691.png,0_1_2,3
sample_00694.png,0_1_2,3
sample_00697.png,0_1_-1,2
sample_00692.png,0_1_2,3
sample_00689.png,0_1_2,3
sample_00700.png,0_1_-1,2
sample_00699.png,0_1_-1,2
sample_00703.png,0_1_-1,2
sample_00698.png,0_1_2,3
sample_00707.png,0_1_-1,2
sample_00701.png,0_1_2,3
sample_00708.png,0_1_-1,2
sample_00702.png,0_1_2,3
sample_00710.png,0_1_-1,2
sample_00705.png,0_1_2,3
sample_00706.png,0_1_2,3
sample_00704.png,0_1_2,3
sample_00712.png,0_1_-1,2
sample_00713.png,0_1_-1,2
sample_00716.png,0_1_-1,2
sample_00718.png,0_1_-1,2
sample_00719.png,0_1_-1,2
sample_00711.png,0_1_2,3
sample_00717.png,0_1_-1,2
sample_00721.png,0_1_-1,2
sample_00715.png,0_1_2,3
sample_00709.png,0_1_2,3
sample_00725.png,0_1_-1,2
sample_00720.png,0_1_2,3
sample_00714.png,0_1_2,3
sample_00726.png,0_1_-1,2
sample_00722.png,0_1_2,3
sample_00724.png,0_1_2,3
sample_00730.png,0_1_-1,2
sample_00723.png,0_1_2,3
sample_00733.png,0_1_-1,2
sample_00729.png,0_1_2,3
sample_00736.png,0_1_-1,2
sample_00728.png,0_1_2,3
sample_00727.png,0_1_2,3
sample_00735.png,0_1_-1,2
sample_00731.png,0_1_2,3
sample_00734.png,0_1_2,3
sample_00737.png,0_1_-1,2
sample_00739.png,0_1_-1,2
sample_00732.png,0_1_2,3
sample_00741.png,0_1_-1,2
sample_00742.png,0_1_-1,2
sample_00738.png,0_1_2,3
sample_00745.png,0_1_-1,2
sample_00746.png,0_1_-1,2
sample_00740.png,0_1_2,3
sample_00744.png,0_1_-1,2
sample_00747.png,0_1_-1,2
sample_00743.png,0_1_2,3
sample_00750.png,0_1_-1,2
sample_00748.png,0_1_-1,2
sample_00749.png,0_1_2,3
sample_00756.png,0_1_-1,2
sample_00751.png,0_1_2,3
sample_00754.png,0_1_-1,2
sample_00757.png,0_1_-1,2
sample_00759.png,0_1_-1,2
sample_00752.png,0_1_2,3
sample_00758.png,0_1_-1,2
sample_00753.png,0_1_2,3
sample_00760.png,0_1_-1,2
sample_00761.png,0_1_-1,2
sample_00755.png,0_1_2,3
sample_00765.png,0_1_-1,2
sample_00769.png,0_1_-1,2
sample_00766.png,0_1_-1,2
sample_00768.png,0_1_-1,2
sample_00762.png,0_1_2,3
sample_00764.png,0_1_2,3
sample_00763.png,0_1_2,3
sample_00770.png,0_1_-1,2
sample_00773.png,0_1_-1,2
sample_00775.png,0_1_-1,2
sample_00774.png,0_1_-1,2
sample_00772.png,0_1_-1,2
sample_00776.png,0_1_-1,2
sample_00778.png,0_1_-1,2
sample_00777.png,0_1_-1,2
sample_00767.png,0_1_2,3
sample_00780.png,0_1_-1,2
sample_00771.png,0_1_2,3
sample_00781.png,0_1_-1,2
sample_00784.png,0_1_-1,2
sample_00779.png,0_1_2,3
sample_00787.png,0_1_-1,2
sample_00783.png,0_1_2,3
sample_00782.png,0_1_2,3
sample_00789.png,0_1_-1,2
sample_00785.png,0_1_2,3
sample_00794.png,0_1_-1,2
sample_00788.png,0_1_2,3
sample_00786.png,0_1_2,3
sample_00795.png,0_1_-1,2
sample_00790.png,0_1_2,3
sample_00791.png,0_1_2,3
sample_00792.png,0_1_2,3
sample_00793.png,0_1_2,3
sample_00798.png,0_1_-1,2
sample_00796.png,0_1_2,3
sample_00801.png,0_1_-1,2
sample_00799.png,0_1_2,3
sample_00800.png,0_1_2,3
sample_00797.png,0_1_2,3
sample_00803.png,0_1_-1,2
sample_00807.png,0_1_-1,2
sample_00802.png,0_1_2,3
sample_00805.png,0_1_-1,2
sample_00808.png,0_1_-1,2
sample_00804.png,0_1_-1,2
sample_00809.png,0_1_-1,2
sample_00812.png,0_1_-1,2
sample_00816.png,0_1_-1,2
sample_00806.png,0_1_2,3
sample_00811.png,0_1_-1,2
sample_00817.png,0_1_-1,2
sample_00818.png,0_1_-1,2
sample_00815.png,0_1_2,3
sample_00819.png,0_1_-1,2
sample_00813.png,0_1_2,3
sample_00814.png,0_1_2,3
sample_00810.png,0_1_2,3
sample_00820.png,0_1_-1,2
sample_00823.png,0_1_-1,2
sample_00825.png,0_1_-1,2
sample_00821.png,0_1_2,3
sample_00827.png,0_1_-1,2
sample_00828.png,0_1_-1,2
sample_00824.png,0_1_2,3
sample_00822.png,0_1_2,3
sample_00829.png,0_1_-1,2
sample_00830.png,0_1_-1,2
sample_00826.png,0_1_2,3
sample_00831.png,0_1_-1,2
sample_00834.png,0_1_-1,2
sample_00836.png,0_1_-1,2
sample_00832.png,0_1_2,3
sample_00833.png,0_1_2,3
sample_00840.png,0_1_-1,2
sample_00835.png,0_1_2,3
sample_00837.png,0_1_2,3
sample_00838.png,0_1_2,3
sample_00847.png,0_1_-1,2
sample_00845.png,0_1_-1,2
sample_00841.png,0_1_2,3
sample_00839.png,0_1_2,3
sample_00846.png,0_1_-1,2
sample_00842.png,0_1_2,3
sample_00849.png,0_1_-1,2
sample_00843.png,0_1_2,3
sample_00844.png,0_1_2,3
sample_00853.png,0_1_-1,2
sample_00851.png,0_1_2,3
sample_00850.png,0_1_2,3
sample_00855.png,0_1_-1,2
sample_00848.png,0_1_2,3
sample_00852.png,0_1_2,3
sample_00856.png,0_1_-1,2
sample_00860.png,0_1_-1,2
sample_00864.png,0_1_-1,2
sample_00854.png,0_1_2,3
sample_00857.png,0_1_2,3
sample_00859.png,0_1_2,3
sample_00858.png,0_1_2,3
sample_00865.png,0_1_-1,2
sample_00862.png,0_1_2,3
sample_00861.png,0_1_2,3
sample_00863.png,0_1_2,3
sample_00868.png,0_1_-1,2
sample_00869.png,0_1_-1,2
sample_00866.png,0_1_2,3
sample_00871.png,0_1_-1,2
sample_00870.png,0_1_-1,2
sample_00873.png,0_1_-1,2
sample_00867.png,0_1_2,3
sample_00872.png,0_1_2,3
sample_00877.png,0_1_-1,2
sample_00875.png,0_1_2,3
sample_00874.png,0_1_2,3
sample_00879.png,0_1_-1,2
sample_00878.png,0_1_2,3
sample_00888.png,0_1_-1,2
sample_00876.png,0_1_2,3
sample_00887.png,0_1_-1,2
sample_00886.png,0_1_-1,2
sample_00890.png,0_1_-1,2
sample_00880.png,0_1_2,3
sample_00885.png,0_1_-1,2
sample_00881.png,0_1_2,3
sample_00892.png,0_1_-1,2
sample_00882.png,0_1_2,3
sample_00884.png,0_1_2,3
sample_00883.png,0_1_2,3
sample_00889.png,0_1_2,3
sample_00894.png,0_1_-1,2
sample_00891.png,0_1_2,3
sample_00896.png,0_1_-1,2
sample_00897.png,0_1_-1,2
sample_00895.png,0_1_2,3
sample_00898.png,0_1_-1,2
sample_00901.png,0_1_-1,2
sample_00893.png,0_1_2,3
sample_00903.png,0_1_-1,2
sample_00906.png,0_1_-1,2
sample_00909.png,0_1_-1,2
sample_00899.png,0_1_2,3
sample_00902.png,0_1_2,3
sample_00904.png,0_1_2,3
sample_00911.png,0_1_-1,2
sample_00905.png,0_1_2,3
sample_00913.png,0_1_-1,2
sample_00900.png,0_1_2,3
sample_00908.png,0_1_2,3
sample_00914.png,0_1_-1,2
sample_00907.png,0_1_2,3
sample_00910.png,0_1_2,3
sample_00915.png,0_1_-1,2
sample_00912.png,0_1_2,3
sample_00922.png,0_1_-1,2
sample_00916.png,0_1_2,3
sample_00917.png,0_1_2,3
sample_00918.png,0_1_2,3
sample_00919.png,0_1_2,3
sample_00920.png,0_1_2,3
sample_00929.png,0_1_-1,2
sample_00928.png,0_1_-1,2
sample_00921.png,0_1_2,3
sample_00924.png,0_1_2,3
sample_00923.png,0_1_2,3
sample_00926.png,0_1_2,3
sample_00925.png,0_1_2,3
sample_00927.png,0_1_2,3
sample_00934.png,0_1_-1,2
sample_00930.png,0_1_2,3
sample_00931.png,0_1_2,3
sample_00932.png,0_1_2,3
sample_00933.png,0_1_2,3
sample_00936.png,0_1_-1,2
sample_00938.png,0_1_-1,2
sample_00941.png,0_1_-1,2
sample_00940.png,0_1_-1,2
sample_00935.png,0_1_2,3
sample_00944.png,0_1_-1,2
sample_00937.png,0_1_2,3
sample_00939.png,0_1_2,3
sample_00946.png,0_1_-1,2
sample_00945.png,0_1_-1,2
sample_00947.png,0_1_-1,2
sample_00949.png,0_1_-1,2
sample_00950.png,0_1_-1,2
sample_00942.png,0_1_2,3
sample_00943.png,0_1_2,3
sample_00952.png,0_1_-1,2
sample_00953.png,0_1_-1,2
sample_00954.png,0_1_-1,2
sample_00951.png,0_1_2,3
sample_00957.png,0_1_-1,2
sample_00958.png,0_1_-1,2
sample_00959.png,0_1_-1,2
sample_00948.png,0_1_2,3
sample_00955.png,0_1_2,3
sample_00960.png,0_1_-1,2
sample_00962.png,0_1_-1,2
sample_00956.png,0_1_2,3
sample_00965.png,0_1_-1,2
sample_00966.png,0_1_-1,2
sample_00963.png,0_1_2,3
sample_00969.png,0_1_-1,2
sample_00971.png,0_1_-1,2
sample_00961.png,0_1_2,3
sample_00967.png,0_1_2,3
sample_00964.png,0_1_2,3
sample_00973.png,0_1_-1,2
sample_00968.png,0_1_2,3
sample_00975.png,0_1_-1,2
sample_00970.png,0_1_2,3
sample_00979.png,0_1_-1,2
sample_00980.png,0_1_-1,2
sample_00974.png,0_1_2,3
sample_00976.png,0_1_2,3
sample_00977.png,0_1_2,3
sample_00972.png,0_1_2,3
sample_00978.png,0_1_2,3
sample_00985.png,0_1_-1,2
sample_00981.png,0_1_2,3
sample_00986.png,0_1_-1,2
sample_00991.png,0_1_-1,2
sample_00983.png,0_1_2,3
sample_00984.png,0_1_2,3
sample_00982.png,0_1_2,3
sample_00987.png,0_1_2,3
sample_00993.png,0_1_-1,2
sample_00995.png,0_1_-1,2
sample_00988.png,0_1_2,3
sample_00990.png,0_1_2,3
sample_00989.png,0_1_2,3
sample_00997.png,0_1_-1,2
sample_00992.png,0_1_2,3
sample_00994.png,0_1_2,3
sample_00998.png,0_1_-1,2
sample_00996.png,0_1_2,3
sample_01003.png,0_1_-1,2
sample_00999.png,0_1_2,3
sample_01005.png,0_1_-1,2
sample_01004.png,0_1_-1,2
sample_01000.png,0_1_2,3
sample_01001.png,0_1_2,3
sample_01006.png,0_1_-1,2
sample_01002.png,0_1_2,3
sample_01009.png,0_1_-1,2
sample_01011.png,0_1_-1,2
sample_01012.png,0_1_-1,2
sample_01007.png,0_1_2,3
sample_01015.png,0_1_-1,2
sample_01016.png,0_1_-1,2
sample_01008.png,0_1_2,3
sample_01017.png,0_1_-1,2
sample_01010.png,0_1_2,3
sample_01019.png,0_1_-1,2
sample_01014.png,0_1_2,3
sample_01018.png,0_1_-1,2
sample_01020.png,0_1_-1,2
sample_01013.png,0_1_2,3
sample_01022.png,0_1_-1,2
sample_01023.png,0_1_-1,2
sample_01026.png,0_1_-1,2
sample_01025.png,0_1_-1,2
sample_01027.png,0_1_-1,2
sample_01024.png,0_1_2,3
sample_01028.png,0_1_-1,2
sample_01021.png,0_1_2,3
sample_01032.png,0_1_-1,2
sample_01036.png,0_1_-1,2
sample_01038.png,0_1_-1,2
sample_01037.png,0_1_-1,2
sample_01029.png,0_1_2,3
sample_01030.png,0_1_2,3
sample_01034.png,0_1_2,3
sample_01040.png,0_1_-1,2
sample_01031.png,0_1_2,3
sample_01041.png,0_1_-1,2
sample_01035.png,0_1_2,3
sample_01042.png,0_1_-1,2
sample_01033.png,0_1_2,3
sample_01039.png,0_1_2,3
sample_01048.png,0_1_-1,2
sample_01046.png,0_1_-1,2
sample_01047.png,0_1_-1,2
sample_01045.png,0_1_2,3
sample_01043.png,0_1_2,3
sample_01044.png,0_1_2,3
sample_01051.png,0_1_-1,2
sample_01056.png,0_1_-1,2
sample_01050.png,0_1_-1,2
sample_01054.png,0_1_-1,2
sample_01055.png,0_1_-1,2
sample_01049.png,0_1_2,3
sample_01058.png,0_1_-1,2
sample_01059.png,0_1_-1,2
sample_01052.png,0_1_2,3
sample_01060.png,0_1_-1,2
sample_01053.png,0_1_2,3
sample_01063.png,0_1_-1,2
sample_01062.png,0_1_-1,2
sample_01057.png,0_1_2,3
sample_01064.png,0_1_-1,2
sample_01068.png,0_1_-1,2
sample_01067.png,0_1_-1,2
sample_01070.png,0_1_-1,2
sample_01065.png,0_1_2,3
sample_01071.png,0_1_-1,2
sample_01073.png,0_1_-1,2
sample_01066.png,0_1_2,3
sample_01076.png,0_1_-1,2
sample_01061.png,0_1_2,3
sample_01078.png,0_1_-1,2
sample_01075.png,0_1_-1,2
sample_01069.png,0_1_2,3
sample_01072.png,0_1_2,3
sample_01082.png,0_1_-1,2
sample_01077.png,0_1_2,3
sample_01081.png,0_1_-1,2
sample_01074.png,0_1_2,3
sample_01083.png,0_1_-1,2
sample_01079.png,0_1_2,3
sample_01080.png,0_1_2,3
sample_01087.png,0_1_-1,2
sample_01089.png,0_1_-1,2
sample_01090.png,0_1_-1,2
sample_01084.png,0_1_2,3
sample_01091.png,0_1_-1,2
sample_01085.png,0_1_2,3
sample_01093.png,0_1_-1,2
sample_01086.png,0_1_2,3
sample_01095.png,0_1_-1,2
sample_01088.png,0_1_2,3
sample_01098.png,0_1_-1,2
sample_01092.png,0_1_2,3
sample_01099.png,0_1_-1,2
sample_01101.png,0_1_-1,2
sample_01096.png,0_1_2,3
sample_01094.png,0_1_2,3
sample_01104.png,0_1_-1,2
sample_01100.png,0_1_2,3
sample_01097.png,0_1_2,3
sample_01103.png,0_1_-1,2
sample_01106.png,0_1_-1,2
sample_01102.png,0_1_2,3
sample_01108.png,0_1_-1,2
sample_01109.png,0_1_-1,2
sample_01110.png,0_1_-1,2
sample_01111.png,0_1_-1,2
sample_01112.png,0_1_-1,2
sample_01113.png,0_1_-1,2
sample_01105.png,0_1_2,3
sample_01107.png,0_1_2,3
sample_01115.png,0_1_-1,2
sample_01117.png,0_1_-1,2
sample_01118.png,0_1_-1,2
sample_01119.png,0_1_-1,2
sample_01123.png,0_1_-1,2
sample_01122.png,0_1_-1,2
sample_01116.png,0_1_2,3
sample_01114.png,0_1_2,3
sample_01125.png,0_1_-1,2
sample_01127.png,0_1_-1,2
sample_01126.png,0_1_-1,2
sample_01121.png,0_1_2,3
sample_01120.png,0_1_2,3
sample_01128.png,0_1_-1,2
sample_01133.png,0_1_-1,2
sample_01124.png,0_1_2,3
sample_01130.png,0_1_2,3
sample_01136.png,0_1_-1,2
sample_01129.png,0_1_2,3
sample_01131.png,0_1_2,3
sample_01132.png,0_1_2,3
sample_01134.png,0_1_2,3
sample_01135.png,0_1_2,3
sample_01137.png,0_1_-1,2
sample_01138.png,0_1_-1,2
sample_01142.png,0_1_-1,2
sample_01141.png,0_1_-1,2
sample_01145.png,0_1_-1,2
sample_01140.png,0_1_2,3
sample_01139.png,0_1_2,3
sample_01148.png,0_1_-1,2
sample_01144.png,0_1_2,3
sample_01147.png,0_1_2,3
sample_01150.png,0_1_-1,2
sample_01146.png,0_1_2,3
sample_01143.png,0_1_2,3
sample_01153.png,0_1_-1,2
sample_01149.png,0_1_2,3
sample_01155.png,0_1_-1,2
sample_01151.png,0_1_-1,2
sample_01159.png,0_1_-1,2
sample_01154.png,0_1_2,3
sample_01152.png,0_1_2,3
sample_01157.png,0_1_2,3
sample_01158.png,0_1_2,3
sample_01156.png,0_1_2,3
sample_01162.png,0_1_-1,2
sample_01160.png,0_1_-1,2
sample_01163.png,0_1_-1,2
sample_01164.png,0_1_-1,2
sample_01161.png,0_1_2,3
sample_01170.png,0_1_-1,2
sample_01166.png,0_1_2,3
sample_01173.png,0_1_-1,2
sample_01174.png,0_1_-1,2
sample_01167.png,0_1_2,3
sample_01169.png,0_1_2,3
sample_01165.png,0_1_2,3
sample_01175.png,0_1_-1,2
sample_01172.png,0_1_2,3
sample_01171.png,0_1_2,3
sample_01168.png,0_1_2,3
sample_01177.png,0_1_-1,2
sample_01180.png,0_1_-1,2
sample_01181.png,0_1_-1,2
sample_01183.png,0_1_-1,2
sample_01176.png,0_1_2,3
sample_01178.png,0_1_2,3
sample_01179.png,0_1_2,3
sample_01182.png,0_1_2,3
sample_01185.png,0_1_-1,2
sample_01184.png,0_1_2,3
sample_01190.png,0_1_-1,2
sample_01186.png,0_1_-1,2
sample_01191.png,0_1_-1,2
sample_01193.png,0_1_-1,2
sample_01187.png,0_1_2,3
sample_01195.png,0_1_-1,2
sample_01188.png,0_1_2,3
sample_01196.png,0_1_-1,2
sample_01189.png,0_1_2,3
sample_01194.png,0_1_2,3
sample_01192.png,0_1_2,3
sample_01202.png,0_1_-1,2
sample_01201.png,0_1_-1,2
sample_01198.png,0_1_-1,2
sample_01204.png,0_1_-1,2
sample_01199.png,0_1_2,3
sample_01200.png,0_1_2,3
sample_01197.png,0_1_2,3
sample_01208.png,0_1_-1,2
sample_01203.png,0_1_2,3
sample_01206.png,0_1_-1,2
sample_01210.png,0_1_-1,2
sample_01205.png,0_1_2,3
sample_01211.png,0_1_-1,2
sample_01209.png,0_1_2,3
sample_01207.png,0_1_2,3
sample_01215.png,0_1_-1,2
sample_01214.png,0_1_2,3
sample_01212.png,0_1_2,3
sample_01220.png,0_1_-1,2
sample_01213.png,0_1_2,3
sample_01221.png,0_1_-1,2
sample_01224.png,0_1_-1,2
sample_01218.png,0_1_2,3
sample_01217.png,0_1_2,3
sample_01219.png,0_1_2,3
sample_01226.png,0_1_-1,2
sample_01225.png,0_1_-1,2
sample_01223.png,0_1_2,3
sample_01216.png,0_1_2,3
sample_01229.png,0_1_-1,2
sample_01228.png,0_1_-1,2
sample_01231.png,0_1_-1,2
sample_01222.png,0_1_2,3
sample_01227.png,0_1_2,3
sample_01233.png,0_1_-1,2
sample_01230.png,0_1_2,3
sample_01237.png,0_1_-1,2
sample_01239.png,0_1_-1,2
sample_01238.png,0_1_-1,2
sample_01232.png,0_1_2,3
sample_01242.png,0_1_-1,2
sample_01234.png,0_1_2,3
sample_01236.png,0_1_2,3
sample_01235.png,0_1_2,3
sample_01244.png,0_1_-1,2
sample_01246.png,0_1_-1,2
sample_01243.png,0_1_2,3
sample_01240.png,0_1_2,3
sample_01250.png,0_1_-1,2
sample_01241.png,0_1_2,3
sample_01247.png,0_1_2,3
sample_01245.png,0_1_2,3
sample_01249.png,0_1_2,3
sample_01248.png,0_1_2,3
sample_01255.png,0_1_-1,2
sample_01254.png,0_1_-1,2
sample_01251.png,0_1_2,3
sample_01259.png,0_1_-1,2
sample_01258.png,0_1_-1,2
sample_01252.png,0_1_2,3
sample_01260.png,0_1_-1,2
sample_01253.png,0_1_2,3
sample_01261.png,0_1_-1,2
sample_01262.png,0_1_-1,2
sample_01256.png,0_1_2,3
sample_01264.png,0_1_-1,2
sample_01257.png,0_1_2,3
sample_01265.png,0_1_-1,2
sample_01267.png,0_1_-1,2
sample_01268.png,0_1_-1,2
sample_01263.png,0_1_2,3
sample_01271.png,0_1_-1,2
sample_01266.png,0_1_2,3
sample_01272.png,0_1_-1,2
sample_01276.png,0_1_-1,2
sample_01277.png,0_1_-1,2
sample_01274.png,0_1_-1,2
sample_01278.png,0_1_-1,2
sample_01273.png,0_1_2,3
sample_01281.png,0_1_-1,2
sample_01270.png,0_1_2,3
sample_01282.png,0_1_-1,2
sample_01269.png,0_1_2,3
sample_01275.png,0_1_2,3
sample_01279.png,0_1_2,3
sample_01283.png,0_1_-1,2
sample_01284.png,0_1_-1,2
sample_01285.png,0_1_-1,2
sample_01287.png,0_1_-1,2
sample_01286.png,0_1_-1,2
sample_01280.png,0_1_2,3
sample_01288.png,0_1_2,3
sample_01292.png,0_1_-1,2
sample_01293.png,0_1_-1,2
sample_01289.png,0_1_2,3
sample_01295.png,0_1_-1,2
sample_01296.png,0_1_-1,2
sample_01297.png,0_1_-1,2
sample_01299.png,0_1_-1,2
sample_01300.png,0_1_-1,2
sample_01290.png,0_1_2,3
sample_01291.png,0_1_2,3
sample_01304.png,0_1_-1,2
sample_01294.png,0_1_2,3
sample_01303.png,0_1_-1,2
sample_01305.png,0_1_-1,2
sample_01298.png,0_1_2,3
sample_01301.png,0_1_2,3
sample_01302.png,0_1_2,3
sample_01306.png,0_1_2,3
sample_01308.png,0_1_-1,2
sample_01309.png,0_1_-1,2
sample_01311.png,0_1_-1,2
sample_01315.png,0_1_-1,2
sample_01316.png,0_1_-1,2
sample_01314.png,0_1_-1,2
sample_01310.png,0_1_2,3
sample_01322.png,0_1_-1,2
sample_01319.png,0_1_-1,2
sample_01320.png,0_1_-1,2
sample_01312.png,0_1_2,3
sample_01307.png,0_1_2,3
sample_01313.png,0_1_2,3
sample_01317.png,0_1_2,3
sample_01324.png,0_1_-1,2
sample_01318.png,0_1_2,3
sample_01321.png,0_1_2,3
sample_01326.png,0_1_-1,2
sample_01327.png,0_1_-1,2
sample_01323.png,0_1_2,3
sample_01328.png,0_1_-1,2
sample_01325.png,0_1_2,3
sample_01329.png,0_1_-1,2
sample_01330.png,0_1_-1,2
sample_01332.png,0_1_-1,2
sample_01333.png,0_1_-1,2
sample_01331.png,0_1_2,3
sample_01341.png,0_1_-1,2
sample_01343.png,0_1_-1,2
sample_01340.png,0_1_-1,2
sample_01334.png,0_1_2,3
sample_01337.png,0_1_2,3
sample_01336.png,0_1_2,3
sample_01338.png,0_1_2,3
sample_01345.png,0_1_-1,2
sample_01344.png,0_1_-1,2
sample_01335.png,0_1_2,3
sample_01339.png,0_1_2,3
sample_01342.png,0_1_2,3
sample_01346.png,0_1_-1,2
sample_01350.png,0_1_-1,2
sample_01352.png,0_1_-1,2
sample_01349.png,0_1_-1,2
sample_01351.png,0_1_-1,2
sample_01347.png,0_1_2,3
sample_01348.png,0_1_2,3
sample_01353.png,0_1_-1,2
sample_01356.png,0_1_-1,2
sample_01358.png,0_1_-1,2
sample_01361.png,0_1_-1,2
sample_01363.png,0_1_-1,2
sample_01355.png,0_1_2,3
sample_01354.png,0_1_2,3
sample_01357.png,0_1_2,3
sample_01367.png,0_1_-1,2
sample_01362.png,0_1_2,3
sample_01359.png,0_1_2,3
sample_01368.png,0_1_-1,2
sample_01364.png,0_1_2,3
sample_01366.png,0_1_2,3
sample_01365.png,0_1_2,3
sample_01373.png,0_1_-1,2
sample_01369.png,0_1_2,3
sample_01370.png,0_1_2,3
sample_01360.png,0_1_2,3
sample_01374.png,0_1_-1,2
sample_01375.png,0_1_-1,2
sample_01376.png,0_1_-1,2
sample_01371.png,0_1_2,3
sample_01372.png,0_1_2,3
sample_01377.png,0_1_-1,2
sample_01378.png,0_1_-1,2
sample_01383.png,0_1_-1,2
sample_01385.png,0_1_-1,2
sample_01379.png,0_1_2,3
sample_01382.png,0_1_2,3
sample_01389.png,0_1_-1,2
sample_01384.png,0_1_2,3
sample_01392.png,0_1_-1,2
sample_01391.png,0_1_-1,2
sample_01380.png,0_1_2,3
sample_01381.png,0_1_2,3
sample_01390.png,0_1_-1,2
sample_01394.png,0_1_-1,2
sample_01387.png,0_1_2,3
sample_01393.png,0_1_-1,2
sample_01386.png,0_1_2,3
sample_01388.png,0_1_2,3
sample_01396.png,0_1_-1,2
sample_01398.png,0_1_-1,2
sample_01397.png,0_1_-1,2
sample_01395.png,0_1_2,3
sample_01400.png,0_1_-1,2
sample_01403.png,0_1_-1,2
sample_01407.png,0_1_-1,2
sample_01399.png,0_1_2,3
sample_01409.png,0_1_-1,2
sample_01405.png,0_1_-1,2
sample_01401.png,0_1_2,3
sample_01408.png,0_1_-1,2
sample_01402.png,0_1_2,3
sample_01410.png,0_1_-1,2
sample_01413.png,0_1_-1,2
sample_01417.png,0_1_-1,2
sample_01416.png,0_1_-1,2
sample_01404.png,0_1_2,3
sample_01412.png,0_1_2,3
sample_01414.png,0_1_2,3
sample_01411.png,0_1_2,3
sample_01415.png,0_1_2,3
sample_01424.png,0_1_-1,2
sample_01421.png,0_1_-1,2
sample_01422.png,0_1_-1,2
sample_01425.png,0_1_-1,2
sample_01418.png,0_1_2,3
sample_01406.png,0_1_2,3
sample_01420.png,0_1_2,3
sample_01429.png,0_1_-1,2
sample_01419.png,0_1_2,3
sample_01423.png,0_1_2,3
sample_01432.png,0_1_-1,2
sample_01426.png,0_1_2,3
sample_01428.png,0_1_2,3
sample_01434.png,0_1_-1,2
sample_01430.png,0_1_2,3
sample_01427.png,0_1_2,3
sample_01431.png,0_1_2,3
sample_01437.png,0_1_-1,2
sample_01433.png,0_1_2,3
sample_01435.png,0_1_2,3
sample_01436.png,0_1_2,3
sample_01443.png,0_1_-1,2
sample_01440.png,0_1_-1,2
sample_01445.png,0_1_-1,2
sample_01438.png,0_1_2,3
sample_01439.png,0_1_2,3
sample_01447.png,0_1_-1,2
sample_01446.png,0_1_-1,2
sample_01442.png,0_1_2,3
sample_01441.png,0_1_2,3
sample_01449.png,0_1_-1,2
sample_01448.png,0_1_-1,2
sample_01444.png,0_1_2,3
sample_01451.png,0_1_-1,2
sample_01452.png,0_1_-1,2
sample_01453.png,0_1_-1,2
sample_01457.png,0_1_-1,2
sample_01456.png,0_1_-1,2
sample_01450.png,0_1_2,3
sample_01454.png,0_1_2,3
sample_01459.png,0_1_-1,2
sample_01458.png,0_1_-1,2
sample_01455.png,0_1_2,3
sample_01461.png,0_1_-1,2
sample_01462.png,0_1_-1,2
sample_01464.png,0_1_-1,2
sample_01465.png,0_1_-1,2
sample_01469.png,0_1_-1,2
sample_01471.png,0_1_-1,2
sample_01463.png,0_1_2,3
sample_01472.png,0_1_-1,2
sample_01460.png,0_1_2,3
sample_01467.png,0_1_2,3
sample_01466.png,0_1_2,3
sample_01474.png,0_1_-1,2
sample_01473.png,0_1_-1,2
sample_01468.png,0_1_2,3
sample_01475.png,0_1_-1,2
sample_01470.png,0_1_2,3
sample_01479.png,0_1_-1,2
sample_01481.png,0_1_-1,2
sample_01482.png,0_1_-1,2
sample_01478.png,0_1_2,3
sample_01476.png,0_1_2,3
sample_01477.png,0_1_2,3
sample_01484.png,0_1_-1,2
sample_01480.png,0_1_2,3
sample_01485.png,0_1_-1,2
sample_01488.png,0_1_-1,2
sample_01489.png,0_1_-1,2
sample_01491.png,0_1_-1,2
sample_01483.png,0_1_2,3
sample_01495.png,0_1_-1,2
sample_01486.png,0_1_2,3
sample_01487.png,0_1_2,3
sample_01494.png,0_1_-1,2
sample_01497.png,0_1_-1,2
sample_01493.png,0_1_2,3
sample_01492.png,0_1_2,3
sample_01498.png,0_1_-1,2
sample_01490.png,0_1_2,3
sample_01499.png,0_1_-1,2
sample_01502.png,0_1_-1,2
sample_01500.png,0_1_-1,2
sample_01503.png,0_1_-1,2
sample_01496.png,0_1_2,3
sample_01506.png,0_1_-1,2
sample_01505.png,0_1_-1,2
sample_01507.png,0_1_-1,2
sample_01504.png,0_1_2,3
sample_01511.png,0_1_-1,2
sample_01512.png,0_1_-1,2
sample_01510.png,0_1_-1,2
sample_01508.png,0_1_-1,2
sample_01514.png,0_1_-1,2
sample_01501.png,0_1_2,3
sample_01516.png,0_1_-1,2
sample_01509.png,0_1_2,3
sample_01518.png,0_1_-1,2
sample_01517.png,0_1_-1,2
sample_01519.png,0_1_-1,2
sample_01520.png,0_1_-1,2
sample_01515.png,0_1_2,3
sample_01523.png,0_1_-1,2
sample_01524.png,0_1_-1,2
sample_01513.png,0_1_2,3
sample_01521.png,0_1_-1,2
sample_01522.png,0_1_2,3
sample_01529.png,0_1_-1,2
sample_01530.png,0_1_-1,2
sample_01528.png,0_1_-1,2
sample_01525.png,0_1_2,3
sample_01526.png,0_1_2,3
sample_01527.png,0_1_2,3
sample_01534.png,0_1_-1,2
sample_01535.png,0_1_-1,2
sample_01537.png,0_1_-1,2
sample_01538.png,0_1_-1,2
sample_01531.png,0_1_2,3
sample_01532.png,0_1_2,3
sample_01539.png,0_1_-1,2
sample_01540.png,0_1_-1,2
sample_01533.png,0_1_2,3
sample_01536.png,0_1_2,3
sample_01541.png,0_1_-1,2
sample_01542.png,0_1_-1,2
sample_01543.png,0_1_-1,2
sample_01544.png,0_1_-1,2
sample_01545.png,0_1_-1,2
sample_01546.png,0_1_-1,2
sample_01548.png,0_1_-1,2
sample_01552.png,0_1_-1,2
sample_01555.png,0_1_-1,2
sample_01554.png,0_1_-1,2
sample_01547.png,0_1_2,3
sample_01556.png,0_1_-1,2
sample_01557.png,0_1_-1,2
sample_01549.png,0_1_2,3
sample_01550.png,0_1_2,3
sample_01551.png,0_1_2,3
sample_01553.png,0_1_2,3
sample_01562.png,0_1_-1,2
sample_01564.png,0_1_-1,2
sample_01558.png,0_1_2,3
sample_01559.png,0_1_2,3
sample_01560.png,0_1_2,3
sample_01566.png,0_1_-1,2
sample_01561.png,0_1_2,3
sample_01563.png,0_1_2,3
sample_01570.png,0_1_-1,2
sample_01565.png,0_1_2,3
sample_01571.png,0_1_-1,2
sample_01567.png,0_1_2,3
sample_01568.png,0_1_2,3
sample_01569.png,0_1_2,3
sample_01578.png,0_1_-1,2
sample_01572.png,0_1_2,3
sample_01574.png,0_1_-1,2
sample_01577.png,0_1_2,3
sample_01573.png,0_1_2,3
sample_01583.png,0_1_-1,2
sample_01575.png,0_1_2,3
sample_01582.png,0_1_-1,2
sample_01576.png,0_1_2,3
sample_01579.png,0_1_2,3
sample_01581.png,0_1_2,3
sample_01586.png,0_1_-1,2
sample_01587.png,0_1_-1,2
sample_01580.png,0_1_2,3
sample_01584.png,0_1_2,3
sample_01589.png,0_1_-1,2
sample_01585.png,0_1_2,3
sample_01590.png,0_1_-1,2
sample_01593.png,0_1_-1,2
sample_01592.png,0_1_-1,2
sample_01588.png,0_1_2,3
sample_01591.png,0_1_2,3
sample_01596.png,0_1_-1,2
sample_01594.png,0_1_2,3
sample_01601.png,0_1_-1,2
sample_01605.png,0_1_-1,2
sample_01604.png,0_1_-1,2
sample_01597.png,0_1_2,3
sample_01595.png,0_1_2,3
sample_01599.png,0_1_2,3
sample_01600.png,0_1_-1,2
sample_01608.png,0_1_-1,2
sample_01606.png,0_1_2,3
sample_01602.png,0_1_2,3
sample_01610.png,0_1_-1,2
sample_01603.png,0_1_2,3
sample_01598.png,0_1_2,3
sample_01612.png,0_1_-1,2
sample_01607.png,0_1_2,3
sample_01609.png,0_1_2,3
sample_01613.png,0_1_-1,2
sample_01615.png,0_1_-1,2
sample_01614.png,0_1_-1,2
sample_01611.png,0_1_2,3
sample_01619.png,0_1_-1,2
sample_01621.png,0_1_-1,2
sample_01622.png,0_1_-1,2
sample_01617.png,0_1_2,3
sample_01618.png,0_1_2,3
sample_01627.png,0_1_-1,2
sample_01625.png,0_1_-1,2
sample_01624.png,0_1_-1,2
sample_01626.png,0_1_-1,2
sample_01620.png,0_1_2,3
sample_01628.png,0_1_-1,2
sample_01623.png,0_1_2,3
sample_01630.png,0_1_-1,2
sample_01632.png,0_1_-1,2
sample_01629.png,0_1_2,3
sample_01616.png,0_1_2,3
sample_01633.png,0_1_2,3
sample_01631.png,0_1_2,3
sample_01635.png,0_1_2,3
sample_01639.png,0_1_-1,2
sample_01634.png,0_1_2,3
sample_01644.png,0_1_-1,2
sample_01636.png,0_1_2,3
sample_01637.png,0_1_2,3
sample_01646.png,0_1_-1,2
sample_01638.png,0_1_2,3
sample_01647.png,0_1_-1,2
sample_01640.png,0_1_2,3
sample_01642.png,0_1_2,3
sample_01650.png,0_1_-1,2
sample_01641.png,0_1_2,3
sample_01645.png,0_1_2,3
sample_01648.png,0_1_-1,2
sample_01643.png,0_1_2,3
sample_01651.png,0_1_-1,2
sample_01652.png,0_1_-1,2
sample_01654.png,0_1_-1,2
sample_01649.png,0_1_2,3
sample_01659.png,0_1_-1,2
sample_01655.png,0_1_2,3
sample_01657.png,0_1_2,3
sample_01653.png,0_1_2,3
sample_01656.png,0_1_2,3
sample_01658.png,0_1_2,3
sample_01660.png,0_1_2,3
sample_01661.png,0_1_2,3
sample_01662.png,0_1_2,3
sample_01663.png,0_1_2,3
sample_01665.png,0_1_2,3
sample_01671.png,0_1_-1,2
sample_01673.png,0_1_-1,2
sample_01664.png,0_1_2,3
sample_01668.png,0_1_2,3
sample_01666.png,0_1_2,3
sample_01667.png,0_1_2,3
sample_01669.png,0_1_2,3
sample_01672.png,0_1_2,3
sample_01670.png,0_1_2,3
sample_01675.png,0_1_-1,2
sample_01679.png,0_1_-1,2
sample_01676.png,0_1_-1,2
sample_01680.png,0_1_-1,2
sample_01674.png,0_1_2,3
sample_01681.png,0_1_-1,2
sample_01678.png,0_1_-1,2
sample_01677.png,0_1_2,3
sample_01682.png,0_1_-1,2
sample_01684.png,0_1_-1,2
sample_01686.png,0_1_-1,2
sample_01690.png,0_1_-1,2
sample_01691.png,0_1_-1,2
sample_01685.png,0_1_2,3
sample_01683.png,0_1_2,3
sample_01687.png,0_1_2,3
sample_01689.png,0_1_2,3
sample_01695.png,0_1_-1,2
sample_01696.png,0_1_-1,2
sample_01688.png,0_1_2,3
sample_01700.png,0_1_-1,2
sample_01698.png,0_1_-1,2
sample_01692.png,0_1_2,3
sample_01693.png,0_1_2,3
sample_01694.png,0_1_2,3
sample_01701.png,0_1_-1,2
sample_01702.png,0_1_-1,2
sample_01697.png,0_1_2,3
sample_01699.png,0_1_2,3
sample_01707.png,0_1_-1,2
sample_01706.png,0_1_-1,2
sample_01703.png,0_1_2,3
sample_01704.png,0_1_2,3
sample_01708.png,0_1_-1,2
sample_01705.png,0_1_2,3
sample_01718.png,0_1_-1,2
sample_01710.png,0_1_2,3
sample_01711.png,0_1_2,3
sample_01716.png,0_1_-1,2
sample_01720.png,0_1_-1,2
sample_01712.png,0_1_2,3
sample_01713.png,0_1_2,3
sample_01709.png,0_1_2,3
sample_01715.png,0_1_2,3
sample_01714.png,0_1_2,3
sample_01719.png,0_1_2,3
sample_01717.png,0_1_2,3
sample_01723.png,0_1_-1,2
sample_01724.png,0_1_-1,2
sample_01726.png,0_1_-1,2
sample_01722.png,0_1_2,3
sample_01721.png,0_1_2,3
sample_01728.png,0_1_-1,2
sample_01725.png,0_1_-1,2
sample_01730.png,0_1_-1,2
sample_01727.png,0_1_2,3
sample_01732.png,0_1_-1,2
sample_01731.png,0_1_-1,2
sample_01734.png,0_1_-1,2
sample_01736.png,0_1_-1,2
sample_01733.png,0_1_-1,2
sample_01737.png,0_1_-1,2
sample_01739.png,0_1_-1,2
sample_01742.png,0_1_-1,2
sample_01735.png,0_1_2,3
sample_01729.png,0_1_2,3
sample_01738.png,0_1_2,3
sample_01740.png,0_1_2,3
sample_01744.png,0_1_-1,2
sample_01746.png,0_1_-1,2
sample_01741.png,0_1_2,3
sample_01747.png,0_1_-1,2
sample_01743.png,0_1_2,3
sample_01745.png,0_1_2,3
sample_01752.png,0_1_-1,2
sample_01751.png,0_1_-1,2
sample_01750.png,0_1_-1,2
sample_01749.png,0_1_2,3
sample_01754.png,0_1_-1,2
sample_01748.png,0_1_2,3
sample_01758.png,0_1_-1,2
sample_01753.png,0_1_2,3
sample_01762.png,0_1_-1,2
sample_01755.png,0_1_2,3
sample_01757.png,0_1_2,3
sample_01756.png,0_1_2,3
sample_01761.png,0_1_-1,2
sample_01765.png,0_1_-1,2
sample_01759.png,0_1_2,3
sample_01760.png,0_1_2,3
sample_01763.png,0_1_2,3
sample_01766.png,0_1_-1,2
sample_01769.png,0_1_-1,2
sample_01770.png,0_1_-1,2
sample_01764.png,0_1_2,3
sample_01771.png,0_1_-1,2
sample_01772.png,0_1_-1,2
sample_01773.png,0_1_-1,2
sample_01767.png,0_1_2,3
sample_01768.png,0_1_2,3
sample_01774.png,0_1_-1,2
sample_01775.png,0_1_-1,2
sample_01781.png,0_1_-1,2
sample_01782.png,0_1_-1,2
sample_01783.png,0_1_-1,2
sample_01784.png,0_1_-1,2
sample_01778.png,0_1_2,3
sample_01779.png,0_1_2,3
sample_01776.png,0_1_2,3
sample_01780.png,0_1_2,3
sample_01787.png,0_1_-1,2
sample_01777.png,0_1_2,3
sample_01790.png,0_1_-1,2
sample_01793.png,0_1_-1,2
sample_01794.png,0_1_-1,2
sample_01786.png,0_1_2,3
sample_01785.png,0_1_2,3
sample_01788.png,0_1_2,3
sample_01789.png,0_1_2,3
sample_01791.png,0_1_2,3
sample_01798.png,0_1_-1,2
sample_01797.png,0_1_-1,2
sample_01795.png,0_1_2,3
sample_01792.png,0_1_2,3
sample_01799.png,0_1_-1,2
sample_01800.png,0_1_-1,2
sample_01801.png,0_1_-1,2
sample_01796.png,0_1_2,3
sample_01806.png,0_1_-1,2
sample_01802.png,0_1_2,3
sample_01810.png,0_1_-1,2
sample_01808.png,0_1_-1,2
sample_01804.png,0_1_2,3
sample_01813.png,0_1_-1,2
sample_01805.png,0_1_2,3
sample_01803.png,0_1_2,3
sample_01807.png,0_1_2,3
sample_01815.png,0_1_-1,2
sample_01811.png,0_1_2,3
sample_01809.png,0_1_2,3
sample_01812.png,0_1_2,3
sample_01816.png,0_1_-1,2
sample_01820.png,0_1_-1,2
sample_01818.png,0_1_-1,2
sample_01821.png,0_1_-1,2
sample_01814.png,0_1_2,3
sample_01819.png,0_1_2,3
sample_01823.png,0_1_-1,2
sample_01824.png,0_1_-1,2
sample_01827.png,0_1_-1,2
sample_01817.png,0_1_2,3
sample_01822.png,0_1_2,3
sample_01829.png,0_1_-1,2
sample_01826.png,0_1_2,3
sample_01834.png,0_1_-1,2
sample_01828.png,0_1_2,3
sample_01832.png,0_1_-1,2
sample_01836.png,0_1_-1,2
sample_01825.png,0_1_2,3
sample_01838.png,0_1_-1,2
sample_01831.png,0_1_2,3
sample_01830.png,0_1_2,3
sample_01839.png,0_1_-1,2
sample_01835.png,0_1_2,3
sample_01833.png,0_1_2,3
sample_01843.png,0_1_-1,2
sample_01842.png,0_1_-1,2
sample_01845.png,0_1_-1,2
sample_01837.png,0_1_2,3
sample_01840.png,0_1_2,3
sample_01847.png,0_1_-1,2
sample_01841.png,0_1_2,3
sample_01849.png,0_1_-1,2
sample_01844.png,0_1_2,3
sample_01851.png,0_1_-1,2
sample_01852.png,0_1_-1,2
sample_01855.png,0_1_-1,2
sample_01853.png,0_1_-1,2
sample_01846.png,0_1_2,3
sample_01854.png,0_1_-1,2
sample_01848.png,0_1_2,3
sample_01850.png,0_1_2,3
sample_01857.png,0_1_2,3
sample_01856.png,0_1_2,3
sample_01858.png,0_1_2,3
sample_01864.png,0_1_-1,2
sample_01863.png,0_1_-1,2
sample_01859.png,0_1_2,3
sample_01860.png,0_1_2,3
sample_01862.png,0_1_2,3
sample_01871.png,0_1_-1,2
sample_01861.png,0_1_2,3
sample_01870.png,0_1_-1,2
sample_01865.png,0_1_2,3
sample_01872.png,0_1_-1,2
sample_01866.png,0_1_2,3
sample_01875.png,0_1_-1,2
sample_01867.png,0_1_2,3
sample_01869.png,0_1_2,3
sample_01877.png,0_1_-1,2
sample_01874.png,0_1_2,3
sample_01873.png,0_1_2,3
sample_01868.png,0_1_2,3
sample_01876.png,0_1_2,3
sample_01881.png,0_1_-1,2
sample_01878.png,0_1_2,3
sample_01882.png,0_1_-1,2
sample_01886.png,0_1_-1,2
sample_01879.png,0_1_2,3
sample_01887.png,0_1_-1,2
sample_01880.png,0_1_2,3
sample_01890.png,0_1_-1,2
sample_01889.png,0_1_-1,2
sample_01883.png,0_1_2,3
sample_01885.png,0_1_2,3
sample_01884.png,0_1_2,3
sample_01888.png,0_1_2,3
sample_01891.png,0_1_2,3
sample_01892.png,0_1_2,3
sample_01893.png,0_1_2,3
sample_01900.png,0_1_-1,2
sample_01899.png,0_1_-1,2
sample_01894.png,0_1_2,3
sample_01898.png,0_1_-1,2
sample_01902.png,0_1_-1,2
sample_01904.png,0_1_-1,2
sample_01896.png,0_1_2,3
sample_01905.png,0_1_-1,2
sample_01897.png,0_1_2,3
sample_01895.png,0_1_2,3
sample_01906.png,0_1_-1,2
sample_01907.png,0_1_-1,2
sample_01908.png,0_1_-1,2
sample_01901.png,0_1_2,3
sample_01909.png,0_1_-1,2
sample_01910.png,0_1_-1,2
sample_01911.png,0_1_-1,2
sample_01903.png,0_1_2,3
sample_01912.png,0_1_-1,2
sample_01917.png,0_1_-1,2
sample_01916.png,0_1_-1,2
sample_01914.png,0_1_-1,2
sample_01918.png,0_1_-1,2
sample_01919.png,0_1_-1,2
sample_01922.png,0_1_-1,2
sample_01920.png,0_1_-1,2
sample_01923.png,0_1_-1,2
sample_01913.png,0_1_2,3
sample_01925.png,0_1_-1,2
sample_01915.png,0_1_2,3
sample_01928.png,0_1_-1,2
sample_01926.png,0_1_2,3
sample_01921.png,0_1_2,3
sample_01932.png,0_1_-1,2
sample_01927.png,0_1_2,3
sample_01936.png,0_1_-1,2
sample_01934.png,0_1_-1,2
sample_01924.png,0_1_2,3
sample_01929.png,0_1_2,3
sample_01935.png,0_1_-1,2
sample_01933.png,0_1_-1,2
sample_01930.png,0_1_2,3
sample_01941.png,0_1_-1,2
sample_01944.png,0_1_-1,2
sample_01931.png,0_1_2,3
sample_01939.png,0_1_2,3
sample_01938.png,0_1_2,3
sample_01937.png,0_1_2,3
sample_01940.png,0_1_2,3
sample_01945.png,0_1_-1,2
sample_01942.png,0_1_2,3
sample_01948.png,0_1_-1,2
sample_01943.png,0_1_2,3
sample_01950.png,0_1_-1,2
sample_01947.png,0_1_2,3
sample_01951.png,0_1_-1,2
sample_01946.png,0_1_2,3
sample_01949.png,0_1_2,3
sample_01952.png,0_1_2,3
sample_01954.png,0_1_2,3
sample_01957.png,0_1_-1,2
sample_01953.png,0_1_2,3
sample_01955.png,0_1_2,3
sample_01960.png,0_1_-1,2
sample_01959.png,0_1_2,3
sample_01956.png,0_1_2,3
sample_01958.png,0_1_2,3
sample_01962.png,0_1_2,3
sample_01963.png,0_1_2,3
sample_01961.png,0_1_2,3
sample_01970.png,0_1_-1,2
sample_01965.png,0_1_2,3
sample_01967.png,0_1_2,3
sample_01966.png,0_1_2,3
sample_01969.png,0_1_-1,2
sample_01971.png,0_1_-1,2
sample_01964.png,0_1_2,3
sample_01973.png,0_1_-1,2
sample_01968.png,0_1_2,3
sample_01977.png,0_1_-1,2
sample_01974.png,0_1_2,3
sample_01978.png,0_1_-1,2
sample_01975.png,0_1_2,3
sample_01972.png,0_1_2,3
sample_01976.png,0_1_2,3
sample_01979.png,0_1_-1,2
sample_01980.png,0_1_-1,2
sample_01981.png,0_1_-1,2
sample_01984.png,0_1_-1,2
sample_01985.png,0_1_-1,2
sample_01982.png,0_1_2,3
sample_01983.png,0_1_2,3
sample_01993.png,0_1_-1,2
sample_01990.png,0_1_-1,2
sample_01986.png,0_1_2,3
sample_01988.png,0_1_2,3
sample_01987.png,0_1_2,3
sample_01989.png,0_1_2,3
sample_01991.png,0_1_2,3
sample_01994.png,0_1_-1,2
sample_01992.png,0_1_2,3
sample_02000.png,0_1_-1,2
sample_01999.png,0_1_-1,2
sample_01996.png,0_1_2,3
sample_01998.png,0_1_2,3
sample_01997.png,0_1_2,3
sample_02003.png,0_1_-1,2
sample_02001.png,0_1_2,3
sample_01995.png,0_1_2,3
sample_02007.png,0_1_-1,2
sample_02005.png,0_1_-1,2
sample_02002.png,0_1_2,3
sample_02009.png,0_1_-1,2
sample_02010.png,0_1_-1,2
sample_02004.png,0_1_2,3
sample_02014.png,0_1_-1,2
sample_02013.png,0_1_-1,2
sample_02012.png,0_1_-1,2
sample_02008.png,0_1_2,3
sample_02006.png,0_1_2,3
sample_02011.png,0_1_2,3
sample_02016.png,0_1_2,3
sample_02017.png,0_1_-1,2
sample_02015.png,0_1_2,3
sample_02024.png,0_1_-1,2
sample_02023.png,0_1_-1,2
sample_02019.png,0_1_2,3
sample_02018.png,0_1_2,3
sample_02020.png,0_1_2,3
sample_02026.png,0_1_-1,2
sample_02027.png,0_1_-1,2
sample_02021.png,0_1_2,3
sample_02028.png,0_1_-1,2
sample_02033.png,0_1_-1,2
sample_02030.png,0_1_-1,2
sample_02022.png,0_1_2,3
sample_02025.png,0_1_2,3
sample_02034.png,0_1_-1,2
sample_02029.png,0_1_2,3
sample_02032.png,0_1_2,3
sample_02038.png,0_1_-1,2
sample_02031.png,0_1_2,3
sample_02037.png,0_1_-1,2
sample_02043.png,0_1_-1,2
sample_02040.png,0_1_-1,2
sample_02041.png,0_1_-1,2
sample_02036.png,0_1_2,3
sample_02039.png,0_1_2,3
sample_02048.png,0_1_-1,2
sample_02035.png,0_1_2,3
sample_02044.png,0_1_2,3
sample_02051.png,0_1_-1,2
sample_02042.png,0_1_2,3
sample_02045.png,0_1_2,3
sample_02046.png,0_1_2,3
sample_02050.png,0_1_2,3
sample_02053.png,0_1_-1,2
sample_02054.png,0_1_-1,2
sample_02047.png,0_1_2,3
sample_02049.png,0_1_2,3
sample_02058.png,0_1_-1,2
sample_02055.png,0_1_-1,2
sample_02052.png,0_1_2,3
sample_02059.png,0_1_-1,2
sample_02056.png,0_1_2,3
sample_02061.png,0_1_-1,2
sample_02057.png,0_1_2,3
sample_02067.png,0_1_-1,2
sample_02060.png,0_1_2,3
sample_02070.png,0_1_-1,2
sample_02069.png,0_1_-1,2
sample_02062.png,0_1_2,3
sample_02071.png,0_1_-1,2
sample_02064.png,0_1_2,3
sample_02066.png,0_1_2,3
sample_02063.png,0_1_2,3
sample_02065.png,0_1_2,3
sample_02072.png,0_1_-1,2
sample_02068.png,0_1_2,3
sample_02076.png,0_1_-1,2
sample_02077.png,0_1_-1,2
sample_02079.png,0_1_-1,2
sample_02073.png,0_1_2,3
sample_02080.png,0_1_-1,2
sample_02074.png,0_1_2,3
sample_02081.png,0_1_-1,2
sample_02075.png,0_1_2,3
sample_02078.png,0_1_2,3
sample_02084.png,0_1_-1,2
sample_02085.png,0_1_-1,2
sample_02087.png,0_1_-1,2
sample_02082.png,0_1_2,3
sample_02093.png,0_1_-1,2
sample_02091.png,0_1_-1,2
sample_02086.png,0_1_2,3
sample_02090.png,0_1_-1,2
sample_02089.png,0_1_2,3
sample_02083.png,0_1_2,3
sample_02096.png,0_1_-1,2
sample_02094.png,0_1_-1,2
sample_02097.png,0_1_-1,2
sample_02088.png,0_1_2,3
sample_02098.png,0_1_-1,2
sample_02092.png,0_1_2,3
sample_02095.png,0_1_2,3
sample_02102.png,0_1_-1,2
sample_02099.png,0_1_2,3
sample_02104.png,0_1_-1,2
sample_02100.png,0_1_2,3
sample_02101.png,0_1_2,3
sample_02105.png,0_1_-1,2
sample_02103.png,0_1_2,3
sample_02106.png,0_1_-1,2
sample_02112.png,0_1_-1,2
sample_02110.png,0_1_-1,2
sample_02109.png,0_1_-1,2
sample_02111.png,0_1_-1,2
sample_02113.png,0_1_-1,2
sample_02118.png,0_1_-1,2
sample_02107.png,0_1_2,3
sample_02115.png,0_1_-1,2
sample_02117.png,0_1_-1,2
sample_02108.png,0_1_2,3
sample_02119.png,0_1_-1,2
sample_02114.png,0_1_2,3
sample_02116.png,0_1_2,3
sample_02122.png,0_1_-1,2
sample_02124.png,0_1_-1,2
sample_02125.png,0_1_-1,2
sample_02120.png,0_1_2,3
sample_02121.png,0_1_2,3
sample_02126.png,0_1_-1,2
sample_02127.png,0_1_-1,2
sample_02129.png,0_1_-1,2
sample_02130.png,0_1_-1,2
sample_02123.png,0_1_2,3
sample_02134.png,0_1_-1,2
sample_02133.png,0_1_-1,2
sample_02132.png,0_1_-1,2
sample_02131.png,0_1_2,3
sample_02136.png,0_1_-1,2
sample_02128.png,0_1_-1,2
sample_02135.png,0_1_2,3
sample_02137.png,0_1_2,3
sample_02138.png,0_1_2,3
sample_02145.png,0_1_-1,2
sample_02139.png,0_1_2,3
sample_02147.png,0_1_-1,2
sample_02140.png,0_1_2,3
sample_02141.png,0_1_2,3
sample_02143.png,0_1_2,3
sample_02150.png,0_1_-1,2
sample_02146.png,0_1_2,3
sample_02142.png,0_1_2,3
sample_02149.png,0_1_2,3
sample_02144.png,0_1_2,3
sample_02148.png,0_1_2,3
sample_02155.png,0_1_-1,2
sample_02151.png,0_1_2,3
sample_02153.png,0_1_2,3
sample_02152.png,0_1_2,3
sample_02154.png,0_1_2,3
sample_02160.png,0_1_-1,2
sample_02159.png,0_1_-1,2
sample_02164.png,0_1_-1,2
sample_02156.png,0_1_2,3
sample_02157.png,0_1_2,3
sample_02166.png,0_1_-1,2
sample_02161.png,0_1_2,3
sample_02169.png,0_1_-1,2
sample_02163.png,0_1_2,3
sample_02162.png,0_1_2,3
sample_02171.png,0_1_-1,2
sample_02158.png,0_1_2,3
sample_02165.png,0_1_2,3
sample_02168.png,0_1_2,3
sample_02167.png,0_1_2,3
sample_02174.png,0_1_-1,2
sample_02175.png,0_1_-1,2
sample_02176.png,0_1_-1,2
sample_02170.png,0_1_2,3
sample_02179.png,0_1_-1,2
sample_02173.png,0_1_2,3
sample_02172.png,0_1_2,3
sample_02180.png,0_1_-1,2
sample_02182.png,0_1_-1,2
sample_02181.png,0_1_-1,2
sample_02177.png,0_1_2,3
sample_02178.png,0_1_2,3
sample_02184.png,0_1_-1,2
sample_02186.png,0_1_-1,2
sample_02187.png,0_1_-1,2
sample_02189.png,0_1_-1,2
sample_02185.png,0_1_2,3
sample_02183.png,0_1_2,3
sample_02191.png,0_1_-1,2
sample_02194.png,0_1_-1,2
sample_02190.png,0_1_2,3
sample_02193.png,0_1_2,3
sample_02192.png,0_1_2,3
sample_02188.png,0_1_2,3
sample_02196.png,0_1_-1,2
sample_02200.png,0_1_-1,2
sample_02202.png,0_1_-1,2
sample_02197.png,0_1_2,3
sample_02195.png,0_1_2,3
sample_02198.png,0_1_2,3
sample_02199.png,0_1_2,3
sample_02201.png,0_1_2,3
sample_02208.png,0_1_-1,2
sample_02203.png,0_1_2,3
sample_02204.png,0_1_2,3
sample_02209.png,0_1_-1,2
sample_02205.png,0_1_2,3
sample_02206.png,0_1_2,3
sample_02207.png,0_1_2,3
sample_02213.png,0_1_-1,2
sample_02210.png,0_1_2,3
sample_02215.png,0_1_-1,2
sample_02217.png,0_1_-1,2
sample_02211.png,0_1_2,3
sample_02218.png,0_1_-1,2
sample_02212.png,0_1_2,3
sample_02214.png,0_1_2,3
sample_02216.png,0_1_2,3
sample_02222.png,0_1_-1,2
sample_02219.png,0_1_2,3
sample_02226.png,0_1_-1,2
sample_02221.png,0_1_2,3
sample_02220.png,0_1_2,3
sample_02225.png,0_1_-1,2
sample_02230.png,0_1_-1,2
sample_02229.png,0_1_-1,2
sample_02228.png,0_1_-1,2
sample_02223.png,0_1_2,3
sample_02235.png,0_1_-1,2
sample_02224.png,0_1_2,3
sample_02227.png,0_1_2,3
sample_02237.png,0_1_-1,2
sample_02231.png,0_1_2,3
sample_02232.png,0_1_2,3
sample_02233.png,0_1_2,3
sample_02239.png,0_1_-1,2
sample_02234.png,0_1_2,3
sample_02236.png,0_1_2,3
sample_02238.png,0_1_2,3
sample_02245.png,0_1_-1,2
sample_02243.png,0_1_-1,2
sample_02248.png,0_1_-1,2
sample_02241.png,0_1_2,3
sample_02240.png,0_1_2,3
sample_02242.png,0_1_2,3
sample_02246.png,0_1_2,3
sample_02244.png,0_1_2,3
sample_02249.png,0_1_-1,2
sample_02247.png,0_1_2,3
sample_02250.png,0_1_-1,2
sample_02253.png,0_1_-1,2
sample_02252.png,0_1_-1,2
sample_02251.png,0_1_-1,2
sample_02254.png,0_1_-1,2
sample_02257.png,0_1_-1,2
sample_02258.png,0_1_-1,2
sample_02259.png,0_1_-1,2
sample_02256.png,0_1_2,3
sample_02255.png,0_1_2,3
sample_02261.png,0_1_-1,2
sample_02263.png,0_1_-1,2
sample_02260.png,0_1_-1,2
sample_02265.png,0_1_-1,2
sample_02270.png,0_1_-1,2
sample_02268.png,0_1_-1,2
sample_02262.png,0_1_2,3
sample_02271.png,0_1_-1,2
sample_02264.png,0_1_2,3
sample_02272.png,0_1_-1,2
sample_02266.png,0_1_2,3
sample_02267.png,0_1_2,3
sample_02276.png,0_1_-1,2
sample_02269.png,0_1_2,3
sample_02277.png,0_1_-1,2
sample_02279.png,0_1_-1,2
sample_02278.png,0_1_-1,2
sample_02273.png,0_1_2,3
sample_02274.png,0_1_2,3
sample_02275.png,0_1_2,3
sample_02281.png,0_1_-1,2
sample_02283.png,0_1_-1,2
sample_02282.png,0_1_-1,2
sample_02286.png,0_1_-1,2
sample_02284.png,0_1_-1,2
sample_02292.png,0_1_-1,2
sample_02280.png,0_1_2,3
sample_02295.png,0_1_-1,2
sample_02289.png,0_1_2,3
sample_02285.png,0_1_2,3
sample_02288.png,0_1_2,3
sample_02297.png,0_1_-1,2
sample_02287.png,0_1_2,3
sample_02296.png,0_1_-1,2
sample_02290.png,0_1_2,3
sample_02291.png,0_1_2,3
sample_02300.png,0_1_-1,2
sample_02299.png,0_1_-1,2
sample_02293.png,0_1_2,3
sample_02294.png,0_1_2,3
sample_02298.png,0_1_2,3
sample_02303.png,0_1_-1,2
sample_02302.png,0_1_2,3
sample_02301.png,0_1_2,3
sample_02305.png,0_1_-1,2
sample_02307.png,0_1_-1,2
sample_02310.png,0_1_-1,2
sample_02306.png,0_1_-1,2
sample_02304.png,0_1_2,3
sample_02314.png,0_1_-1,2
sample_02311.png,0_1_-1,2
sample_02318.png,0_1_-1,2
sample_02317.png,0_1_-1,2
sample_02309.png,0_1_2,3
sample_02319.png,0_1_-1,2
sample_02308.png,0_1_2,3
sample_02312.png,0_1_2,3
sample_02313.png,0_1_2,3
sample_02315.png,0_1_2,3
sample_02321.png,0_1_-1,2
sample_02316.png,0_1_2,3
sample_02320.png,0_1_-1,2
sample_02326.png,0_1_-1,2
sample_02322.png,0_1_2,3
sample_02327.png,0_1_-1,2
sample_02331.png,0_1_-1,2
sample_02328.png,0_1_-1,2
sample_02330.png,0_1_-1,2
sample_02324.png,0_1_2,3
sample_02332.png,0_1_-1,2
sample_02333.png,0_1_-1,2
sample_02323.png,0_1_2,3
sample_02325.png,0_1_2,3
sample_02336.png,0_1_-1,2
sample_02329.png,0_1_2,3
sample_02335.png,0_1_2,3
sample_02340.png,0_1_-1,2
sample_02334.png,0_1_2,3
sample_02337.png,0_1_2,3
sample_02338.png,0_1_2,3
sample_02344.png,0_1_-1,2
sample_02339.png,0_1_2,3
sample_02341.png,0_1_2,3
sample_02347.png,0_1_-1,2
sample_02351.png,0_1_-1,2
sample_02343.png,0_1_2,3
sample_02342.png,0_1_2,3
sample_02354.png,0_1_-1,2
sample_02345.png,0_1_2,3
sample_02348.png,0_1_2,3
sample_02346.png,0_1_2,3
sample_02355.png,0_1_-1,2
sample_02350.png,0_1_2,3
sample_02349.png,0_1_2,3
sample_02353.png,0_1_2,3
sample_02360.png,0_1_-1,2
sample_02352.png,0_1_2,3
sample_02356.png,0_1_2,3
sample_02358.png,0_1_2,3
sample_02357.png,0_1_2,3
sample_02364.png,0_1_-1,2
sample_02361.png,0_1_2,3
sample_02359.png,0_1_2,3
sample_02367.png,0_1_-1,2
sample_02362.png,0_1_2,3
sample_02369.png,0_1_-1,2
sample_02368.png,0_1_-1,2
sample_02373.png,0_1_-1,2
sample_02370.png,0_1_-1,2
sample_02365.png,0_1_2,3
sample_02366.png,0_1_2,3
sample_02374.png,0_1_-1,2
sample_02363.png,0_1_2,3
sample_02375.png,0_1_-1,2
sample_02372.png,0_1_2,3
sample_02377.png,0_1_-1,2
sample_02379.png,0_1_-1,2
sample_02371.png,0_1_2,3
sample_02381.png,0_1_-1,2
sample_02376.png,0_1_2,3
sample_02380.png,0_1_-1,2
sample_02382.png,0_1_-1,2
sample_02383.png,0_1_-1,2
sample_02378.png,0_1_2,3
sample_02384.png,0_1_-1,2
sample_02388.png,0_1_-1,2
sample_02390.png,0_1_-1,2
sample_02391.png,0_1_-1,2
sample_02386.png,0_1_2,3
sample_02393.png,0_1_-1,2
sample_02385.png,0_1_2,3
sample_02387.png,0_1_2,3
sample_02394.png,0_1_-1,2
sample_02389.png,0_1_2,3
sample_02392.png,0_1_2,3
sample_02397.png,0_1_-1,2
sample_02401.png,0_1_-1,2
sample_02400.png,0_1_-1,2
sample_02395.png,0_1_2,3
sample_02403.png,0_1_-1,2
sample_02404.png,0_1_-1,2
sample_02396.png,0_1_2,3
sample_02398.png,0_1_2,3
sample_02405.png,0_1_-1,2
sample_02399.png,0_1_2,3
sample_02406.png,0_1_-1,2
sample_02407.png,0_1_-1,2
sample_02402.png,0_1_2,3
sample_02408.png,0_1_-1,2
sample_02409.png,0_1_-1,2
sample_02411.png,0_1_-1,2
sample_02412.png,0_1_-1,2
sample_02410.png,0_1_2,3
sample_02413.png,0_1_2,3
sample_02420.png,0_1_-1,2
sample_02415.png,0_1_2,3
sample_02422.png,0_1_-1,2
sample_02416.png,0_1_2,3
sample_02417.png,0_1_2,3
sample_02424.png,0_1_-1,2
sample_02421.png,0_1_-1,2
sample_02419.png,0_1_2,3
sample_02414.png,0_1_2,3
sample_02428.png,0_1_-1,2
sample_02430.png,0_1_-1,2
sample_02423.png,0_1_2,3
sample_02429.png,0_1_-1,2
sample_02418.png,0_1_2,3
sample_02426.png,0_1_2,3
sample_02427.png,0_1_2,3
sample_02425.png,0_1_2,3
sample_02431.png,0_1_2,3
sample_02434.png,0_1_-1,2
sample_02432.png,0_1_2,3
sample_02438.png,0_1_-1,2
sample_02439.png,0_1_-1,2
sample_02433.png,0_1_2,3
sample_02442.png,0_1_-1,2
sample_02443.png,0_1_-1,2
sample_02440.png,0_1_-1,2
sample_02437.png,0_1_2,3
sample_02435.png,0_1_2,3
sample_02436.png,0_1_2,3
sample_02444.png,0_1_-1,2
sample_02446.png,0_1_-1,2
sample_02445.png,0_1_-1,2
sample_02450.png,0_1_-1,2
sample_02441.png,0_1_-1,2
sample_02449.png,0_1_-1,2
sample_02451.png,0_1_-1,2
sample_02447.png,0_1_2,3
sample_02448.png,0_1_2,3
sample_02452.png,0_1_-1,2
sample_02455.png,0_1_-1,2
sample_02454.png,0_1_-1,2
sample_02453.png,0_1_-1,2
sample_02459.png,0_1_-1,2
sample_02463.png,0_1_-1,2
sample_02462.png,0_1_-1,2
sample_02456.png,0_1_2,3
sample_02467.png,0_1_-1,2
sample_02466.png,0_1_-1,2
sample_02461.png,0_1_2,3
sample_02458.png,0_1_2,3
sample_02468.png,0_1_-1,2
sample_02464.png,0_1_2,3
sample_02457.png,0_1_2,3
sample_02460.png,0_1_2,3
sample_02470.png,0_1_-1,2
sample_02465.png,0_1_2,3
sample_02471.png,0_1_-1,2
sample_02469.png,0_1_-1,2
sample_02473.png,0_1_-1,2
sample_02475.png,0_1_-1,2
sample_02472.png,0_1_-1,2
sample_02474.png,0_1_2,3
sample_02479.png,0_1_-1,2
sample_02477.png,0_1_-1,2
sample_02482.png,0_1_-1,2
sample_02476.png,0_1_2,3
sample_02478.png,0_1_2,3
sample_02485.png,0_1_-1,2
sample_02489.png,0_1_-1,2
sample_02481.png,0_1_2,3
sample_02480.png,0_1_2,3
sample_02484.png,0_1_2,3
sample_02483.png,0_1_2,3
sample_02486.png,0_1_2,3
sample_02487.png,0_1_2,3
sample_02488.png,0_1_2,3
sample_02491.png,0_1_2,3
sample_02490.png,0_1_2,3
sample_02495.png,0_1_-1,2
sample_02492.png,0_1_2,3
sample_02494.png,0_1_2,3
sample_02493.png,0_1_2,3
sample_02497.png,0_1_-1,2
sample_02498.png,0_1_-1,2
sample_02502.png,0_1_-1,2
sample_02503.png,0_1_-1,2
sample_02504.png,0_1_-1,2
sample_02501.png,0_1_-1,2
sample_02496.png,0_1_2,3
sample_02509.png,0_1_-1,2
sample_02500.png,0_1_2,3
sample_02508.png,0_1_-1,2
sample_02499.png,0_1_2,3
sample_02506.png,0_1_2,3
sample_02513.png,0_1_-1,2
sample_02505.png,0_1_2,3
sample_02514.png,0_1_-1,2
sample_02507.png,0_1_2,3
sample_02517.png,0_1_-1,2
sample_02510.png,0_1_2,3
sample_02512.png,0_1_2,3
sample_02511.png,0_1_2,3
sample_02515.png,0_1_2,3
sample_02518.png,0_1_-1,2
sample_02521.png,0_1_-1,2
sample_02516.png,0_1_2,3
sample_02523.png,0_1_-1,2
sample_02522.png,0_1_-1,2
sample_02525.png,0_1_-1,2
sample_02519.png,0_1_2,3
sample_02520.png,0_1_2,3
sample_02528.png,0_1_-1,2
sample_02529.png,0_1_-1,2
sample_02524.png,0_1_2,3
sample_02532.png,0_1_-1,2
sample_02526.png,0_1_2,3
sample_02527.png,0_1_2,3
sample_02530.png,0_1_2,3
sample_02536.png,0_1_-1,2
sample_02537.png,0_1_-1,2
sample_02531.png,0_1_2,3
sample_02533.png,0_1_2,3
sample_02534.png,0_1_2,3
sample_02535.png,0_1_2,3
sample_02543.png,0_1_-1,2
sample_02546.png,0_1_-1,2
sample_02538.png,0_1_2,3
sample_02539.png,0_1_2,3
sample_02547.png,0_1_-1,2
sample_02544.png,0_1_2,3
sample_02540.png,0_1_2,3
sample_02542.png,0_1_2,3
sample_02545.png,0_1_2,3
sample_02541.png,0_1_2,3
sample_02554.png,0_1_-1,2
sample_02548.png,0_1_2,3
sample_02552.png,0_1_-1,2
sample_02549.png,0_1_2,3
sample_02550.png,0_1_2,3
sample_02557.png,0_1_-1,2
sample_02556.png,0_1_-1,2
sample_02551.png,0_1_2,3
sample_02553.png,0_1_2,3
sample_02555.png,0_1_-1,2
sample_02562.png,0_1_-1,2
sample_02565.png,0_1_-1,2
sample_02561.png,0_1_2,3
sample_02558.png,0_1_2,3
sample_02560.png,0_1_2,3
sample_02566.png,0_1_-1,2
sample_02559.png,0_1_2,3
sample_02563.png,0_1_2,3
sample_02572.png,0_1_-1,2
sample_02571.png,0_1_-1,2
sample_02574.png,0_1_-1,2
sample_02575.png,0_1_-1,2
sample_02564.png,0_1_2,3
sample_02568.png,0_1_2,3
sample_02569.png,0_1_2,3
sample_02567.png,0_1_2,3
sample_02573.png,0_1_2,3
sample_02578.png,0_1_-1,2
sample_02580.png,0_1_-1,2
sample_02577.png,0_1_2,3
sample_02576.png,0_1_2,3
sample_02584.png,0_1_-1,2
sample_02581.png,0_1_-1,2
sample_02585.png,0_1_-1,2
sample_02570.png,0_1_2,3
sample_02579.png,0_1_2,3
sample_02582.png,0_1_2,3
sample_02587.png,0_1_-1,2
sample_02583.png,0_1_2,3
sample_02589.png,0_1_-1,2
sample_02586.png,0_1_-1,2
sample_02591.png,0_1_-1,2
sample_02594.png,0_1_-1,2
sample_02590.png,0_1_2,3
sample_02588.png,0_1_2,3
sample_02592.png,0_1_2,3
sample_02593.png,0_1_2,3
sample_02602.png,0_1_-1,2
sample_02597.png,0_1_2,3
sample_02604.png,0_1_-1,2
sample_02596.png,0_1_2,3
sample_02598.png,0_1_2,3
sample_02599.png,0_1_2,3
sample_02595.png,0_1_2,3
sample_02600.png,0_1_2,3
sample_02609.png,0_1_-1,2
sample_02607.png,0_1_-1,2
sample_02601.png,0_1_2,3
sample_02603.png,0_1_2,3
sample_02611.png,0_1_-1,2
sample_02605.png,0_1_2,3
sample_02606.png,0_1_2,3
sample_02612.png,0_1_-1,2
sample_02608.png,0_1_2,3
sample_02613.png,0_1_-1,2
sample_02614.png,0_1_-1,2
sample_02616.png,0_1_-1,2
sample_02610.png,0_1_2,3
sample_02621.png,0_1_-1,2
sample_02625.png,0_1_-1,2
sample_02622.png,0_1_-1,2
sample_02615.png,0_1_2,3
sample_02618.png,0_1_2,3
sample_02619.png,0_1_2,3
sample_02617.png,0_1_2,3
sample_02620.png,0_1_2,3
sample_02624.png,0_1_2,3
sample_02632.png,0_1_-1,2
sample_02626.png,0_1_2,3
sample_02628.png,0_1_-1,2
sample_02623.png,0_1_2,3
sample_02627.png,0_1_2,3
sample_02629.png,0_1_2,3
sample_02630.png,0_1_2,3
sample_02631.png,0_1_2,3
sample_02633.png,0_1_2,3
sample_02634.png,0_1_2,3
sample_02637.png,0_1_-1,2
sample_02635.png,0_1_2,3
sample_02638.png,0_1_2,3
sample_02636.png,0_1_2,3
sample_02647.png,0_1_-1,2
sample_02641.png,0_1_2,3
sample_02639.png,0_1_2,3
sample_02646.png,0_1_-1,2
sample_02643.png,0_1_2,3
sample_02649.png,0_1_-1,2
sample_02644.png,0_1_2,3
sample_02645.png,0_1_2,3
sample_02640.png,0_1_2,3
sample_02642.png,0_1_2,3
sample_02652.png,0_1_-1,2
sample_02654.png,0_1_-1,2
sample_02648.png,0_1_2,3
sample_02655.png,0_1_-1,2
sample_02656.png,0_1_-1,2
sample_02650.png,0_1_2,3
sample_02651.png,0_1_2,3
sample_02653.png,0_1_2,3
sample_02658.png,0_1_-1,2
sample_02657.png,0_1_-1,2
sample_02660.png,0_1_-1,2
sample_02667.png,0_1_-1,2
sample_02668.png,0_1_-1,2
sample_02661.png,0_1_2,3
sample_02669.png,0_1_-1,2
sample_02663.png,0_1_2,3
sample_02659.png,0_1_2,3
sample_02664.png,0_1_2,3
sample_02666.png,0_1_2,3
sample_02673.png,0_1_-1,2
sample_02665.png,0_1_2,3
sample_02671.png,0_1_-1,2
sample_02662.png,0_1_2,3
sample_02670.png,0_1_2,3
sample_02678.png,0_1_-1,2
sample_02672.png,0_1_2,3
sample_02676.png,0_1_-1,2
sample_02677.png,0_1_-1,2
sample_02674.png,0_1_2,3
sample_02675.png,0_1_2,3
sample_02681.png,0_1_-1,2
sample_02682.png,0_1_-1,2
sample_02679.png,0_1_2,3
sample_02684.png,0_1_-1,2
sample_02686.png,0_1_-1,2
sample_02689.png,0_1_-1,2
sample_02680.png,0_1_2,3
sample_02687.png,0_1_-1,2
sample_02690.png,0_1_-1,2
sample_02691.png,0_1_-1,2
sample_02692.png,0_1_-1,2
sample_02694.png,0_1_-1,2
sample_02683.png,0_1_2,3
sample_02685.png,0_1_2,3
sample_02698.png,0_1_-1,2
sample_02688.png,0_1_2,3
sample_02695.png,0_1_2,3
sample_02697.png,0_1_2,3
sample_02693.png,0_1_2,3
sample_02703.png,0_1_-1,2
sample_02696.png,0_1_2,3
sample_02702.png,0_1_-1,2
sample_02700.png,0_1_2,3
sample_02705.png,0_1_-1,2
sample_02707.png,0_1_-1,2
sample_02701.png,0_1_2,3
sample_02699.png,0_1_2,3
sample_02711.png,0_1_-1,2
sample_02706.png,0_1_2,3
sample_02704.png,0_1_2,3
sample_02709.png,0_1_2,3
sample_02713.png,0_1_-1,2
sample_02714.png,0_1_-1,2
sample_02710.png,0_1_2,3
sample_02708.png,0_1_2,3
sample_02718.png,0_1_-1,2
sample_02712.png,0_1_2,3
sample_02720.png,0_1_-1,2
sample_02722.png,0_1_-1,2
sample_02716.png,0_1_2,3
sample_02715.png,0_1_2,3
sample_02725.png,0_1_-1,2
sample_02726.png,0_1_-1,2
sample_02717.png,0_1_2,3
sample_02727.png,0_1_-1,2
sample_02719.png,0_1_2,3
sample_02721.png,0_1_2,3
sample_02724.png,0_1_2,3
sample_02729.png,0_1_-1,2
sample_02730.png,0_1_-1,2
sample_02728.png,0_1_-1,2
sample_02723.png,0_1_2,3
sample_02734.png,0_1_-1,2
sample_02735.png,0_1_-1,2
sample_02731.png,0_1_2,3
sample_02737.png,0_1_-1,2
sample_02738.png,0_1_-1,2
sample_02733.png,0_1_2,3
sample_02736.png,0_1_-1,2
sample_02732.png,0_1_2,3
sample_02742.png,0_1_-1,2
sample_02743.png,0_1_-1,2
sample_02745.png,0_1_-1,2
sample_02746.png,0_1_-1,2
sample_02747.png,0_1_-1,2
sample_02739.png,0_1_2,3
sample_02749.png,0_1_-1,2
sample_02744.png,0_1_2,3
sample_02750.png,0_1_-1,2
sample_02740.png,0_1_2,3
sample_02741.png,0_1_2,3
sample_02748.png,0_1_2,3
sample_02753.png,0_1_-1,2
sample_02757.png,0_1_-1,2
sample_02758.png,0_1_-1,2
sample_02759.png,0_1_-1,2
sample_02752.png,0_1_2,3
sample_02751.png,0_1_2,3
sample_02754.png,0_1_2,3
sample_02756.png,0_1_2,3
sample_02761.png,0_1_-1,2
sample_02755.png,0_1_2,3
sample_02765.png,0_1_-1,2
sample_02764.png,0_1_-1,2
sample_02760.png,0_1_2,3
sample_02766.png,0_1_-1,2
sample_02762.png,0_1_2,3
sample_02763.png,0_1_2,3
sample_02767.png,0_1_-1,2
sample_02770.png,0_1_-1,2
sample_02771.png,0_1_-1,2
sample_02769.png,0_1_-1,2
sample_02768.png,0_1_2,3
sample_02776.png,0_1_-1,2
sample_02773.png,0_1_2,3
sample_02782.png,0_1_-1,2
sample_02781.png,0_1_-1,2
sample_02774.png,0_1_2,3
sample_02775.png,0_1_2,3
sample_02772.png,0_1_2,3
sample_02784.png,0_1_-1,2
sample_02777.png,0_1_2,3
sample_02780.png,0_1_2,3
sample_02778.png,0_1_2,3
sample_02785.png,0_1_-1,2
sample_02783.png,0_1_2,3
sample_02788.png,0_1_-1,2
sample_02779.png,0_1_2,3
sample_02790.png,0_1_-1,2
sample_02786.png,0_1_2,3
sample_02789.png,0_1_2,3
sample_02787.png,0_1_2,3
sample_02792.png,0_1_-1,2
sample_02793.png,0_1_-1,2
sample_02794.png,0_1_-1,2
sample_02791.png,0_1_2,3
sample_02796.png,0_1_-1,2
sample_02801.png,0_1_-1,2
sample_02795.png,0_1_2,3
sample_02805.png,0_1_-1,2
sample_02804.png,0_1_-1,2
sample_02797.png,0_1_2,3
sample_02799.png,0_1_2,3
sample_02802.png,0_1_-1,2
sample_02798.png,0_1_2,3
sample_02800.png,0_1_2,3
sample_02803.png,0_1_2,3
sample_02808.png,0_1_-1,2
sample_02810.png,0_1_-1,2
sample_02811.png,0_1_-1,2
sample_02806.png,0_1_2,3
sample_02809.png,0_1_2,3
sample_02812.png,0_1_2,3
sample_02813.png,0_1_2,3
sample_02814.png,0_1_2,3
sample_02816.png,0_1_-1,2
sample_02818.png,0_1_-1,2
sample_02819.png,0_1_-1,2
sample_02815.png,0_1_2,3
sample_02807.png,0_1_2,3
sample_02823.png,0_1_-1,2
sample_02817.png,0_1_2,3
sample_02824.png,0_1_-1,2
sample_02822.png,0_1_-1,2
sample_02826.png,0_1_-1,2
sample_02825.png,0_1_-1,2
sample_02827.png,0_1_-1,2
sample_02820.png,0_1_2,3
sample_02828.png,0_1_-1,2
sample_02829.png,0_1_-1,2
sample_02821.png,0_1_2,3
sample_02834.png,0_1_-1,2
sample_02835.png,0_1_-1,2
sample_02831.png,0_1_-1,2
sample_02837.png,0_1_-1,2
sample_02839.png,0_1_-1,2
sample_02830.png,0_1_2,3
sample_02836.png,0_1_2,3
sample_02833.png,0_1_2,3
sample_02842.png,0_1_-1,2
sample_02832.png,0_1_2,3
sample_02841.png,0_1_-1,2
sample_02845.png,0_1_-1,2
sample_02838.png,0_1_2,3
sample_02844.png,0_1_-1,2
sample_02846.png,0_1_-1,2
sample_02840.png,0_1_2,3
sample_02849.png,0_1_-1,2
sample_02843.png,0_1_2,3
sample_02852.png,0_1_-1,2
sample_02850.png,0_1_-1,2
sample_02851.png,0_1_-1,2
sample_02847.png,0_1_2,3
sample_02848.png,0_1_2,3
sample_02853.png,0_1_-1,2
sample_02854.png,0_1_-1,2
sample_02861.png,0_1_-1,2
sample_02859.png,0_1_-1,2
sample_02855.png,0_1_2,3
sample_02856.png,0_1_2,3
sample_02858.png,0_1_2,3
sample_02857.png,0_1_2,3
sample_02867.png,0_1_-1,2
sample_02866.png,0_1_-1,2
sample_02865.png,0_1_2,3
sample_02862.png,0_1_2,3
sample_02868.png,0_1_-1,2
sample_02864.png,0_1_2,3
sample_02863.png,0_1_2,3
sample_02869.png,0_1_-1,2
sample_02870.png,0_1_-1,2
sample_02860.png,0_1_2,3
sample_02871.png,0_1_2,3
sample_02874.png,0_1_-1,2
sample_02872.png,0_1_2,3
sample_02877.png,0_1_-1,2
sample_02875.png,0_1_-1,2
sample_02873.png,0_1_2,3
sample_02878.png,0_1_-1,2
sample_02879.png,0_1_-1,2
sample_02882.png,0_1_-1,2
sample_02884.png,0_1_-1,2
sample_02880.png,0_1_-1,2
sample_02885.png,0_1_-1,2
sample_02888.png,0_1_-1,2
sample_02890.png,0_1_-1,2
sample_02881.png,0_1_2,3
sample_02883.png,0_1_2,3
sample_02886.png,0_1_2,3
sample_02887.png,0_1_2,3
sample_02876.png,0_1_2,3
sample_02889.png,0_1_2,3
sample_02896.png,0_1_-1,2
sample_02898.png,0_1_-1,2
sample_02897.png,0_1_-1,2
sample_02892.png,0_1_2,3
sample_02893.png,0_1_2,3
sample_02901.png,0_1_-1,2
sample_02894.png,0_1_2,3
sample_02895.png,0_1_2,3
sample_02891.png,0_1_2,3
sample_02899.png,0_1_2,3
sample_02906.png,0_1_-1,2
sample_02902.png,0_1_2,3
sample_02900.png,0_1_2,3
sample_02903.png,0_1_2,3
sample_02910.png,0_1_-1,2
sample_02904.png,0_1_2,3
sample_02905.png,0_1_2,3
sample_02907.png,0_1_2,3
sample_02913.png,0_1_-1,2
sample_02908.png,0_1_2,3
sample_02909.png,0_1_2,3
sample_02916.png,0_1_-1,2
sample_02911.png,0_1_2,3
sample_02919.png,0_1_-1,2
sample_02912.png,0_1_2,3
sample_02921.png,0_1_-1,2
sample_02914.png,0_1_2,3
sample_02917.png,0_1_2,3
sample_02922.png,0_1_-1,2
sample_02924.png,0_1_-1,2
sample_02915.png,0_1_2,3
sample_02920.png,0_1_2,3
sample_02918.png,0_1_2,3
sample_02923.png,0_1_2,3
sample_02929.png,0_1_-1,2
sample_02925.png,0_1_2,3
sample_02926.png,0_1_2,3
sample_02927.png,0_1_2,3
sample_02931.png,0_1_-1,2
sample_02934.png,0_1_-1,2
sample_02933.png,0_1_-1,2
sample_02930.png,0_1_2,3
sample_02928.png,0_1_2,3
sample_02935.png,0_1_-1,2
sample_02938.png,0_1_-1,2
sample_02932.png,0_1_2,3
sample_02941.png,0_1_-1,2
sample_02937.png,0_1_2,3
sample_02939.png,0_1_2,3
sample_02946.png,0_1_-1,2
sample_02940.png,0_1_2,3
sample_02947.png,0_1_-1,2
sample_02943.png,0_1_2,3
sample_02936.png,0_1_2,3
sample_02948.png,0_1_-1,2
sample_02942.png,0_1_2,3
sample_02944.png,0_1_2,3
sample_02945.png,0_1_2,3
sample_02952.png,0_1_-1,2
sample_02949.png,0_1_2,3
sample_02951.png,0_1_2,3
sample_02950.png,0_1_2,3
sample_02953.png,0_1_-1,2
sample_02957.png,0_1_-1,2
sample_02954.png,0_1_2,3
sample_02955.png,0_1_2,3
sample_02960.png,0_1_-1,2
sample_02956.png,0_1_2,3
sample_02965.png,0_1_-1,2
sample_02962.png,0_1_-1,2
sample_02961.png,0_1_-1,2
sample_02958.png,0_1_2,3
sample_02959.png,0_1_2,3
sample_02964.png,0_1_2,3
sample_02968.png,0_1_-1,2
sample_02966.png,0_1_2,3
sample_02963.png,0_1_2,3
sample_02967.png,0_1_2,3
sample_02969.png,0_1_2,3
sample_02974.png,0_1_-1,2
sample_02970.png,0_1_2,3
sample_02976.png,0_1_-1,2
sample_02971.png,0_1_2,3
sample_02972.png,0_1_2,3
sample_02979.png,0_1_-1,2
sample_02973.png,0_1_2,3
sample_02977.png,0_1_-1,2
sample_02975.png,0_1_2,3
sample_02980.png,0_1_2,3
sample_02984.png,0_1_-1,2
sample_02983.png,0_1_-1,2
sample_02978.png,0_1_2,3
sample_02981.png,0_1_2,3
sample_02986.png,0_1_-1,2
sample_02987.png,0_1_-1,2
sample_02982.png,0_1_2,3
sample_02990.png,0_1_-1,2
sample_02985.png,0_1_2,3
sample_02995.png,0_1_-1,2
sample_02997.png,0_1_-1,2
sample_02989.png,0_1_2,3
sample_02988.png,0_1_2,3
sample_02992.png,0_1_2,3
sample_02993.png,0_1_2,3
sample_02991.png,0_1_2,3
sample_02998.png,0_1_-1,2
sample_02994.png,0_1_2,3
sample_03001.png,0_1_-1,2
sample_03002.png,0_1_-1,2
sample_03004.png,0_1_-1,2
sample_02996.png,0_1_2,3
sample_03000.png,0_1_2,3
sample_03003.png,0_1_2,3
sample_03008.png,0_1_-1,2
sample_03005.png,0_1_2,3
sample_02999.png,0_1_2,3
sample_03006.png,0_1_2,3
sample_03009.png,0_1_-1,2
sample_03011.png,0_1_-1,2
sample_03012.png,0_1_-1,2
sample_03014.png,0_1_-1,2
sample_03007.png,0_1_2,3
sample_03018.png,0_1_-1,2
sample_03019.png,0_1_-1,2
sample_03010.png,0_1_2,3
sample_03015.png,0_1_2,3
sample_03013.png,0_1_2,3
sample_03016.png,0_1_2,3
sample_03020.png,0_1_-1,2
sample_03022.png,0_1_-1,2
sample_03024.png,0_1_-1,2
sample_03017.png,0_1_2,3
sample_03025.png,0_1_-1,2
sample_03021.png,0_1_2,3
sample_03027.png,0_1_-1,2
sample_03032.png,0_1_-1,2
sample_03030.png,0_1_-1,2
sample_03023.png,0_1_2,3
sample_03026.png,0_1_2,3
sample_03028.png,0_1_2,3
sample_03029.png,0_1_2,3
sample_03038.png,0_1_-1,2
sample_03031.png,0_1_2,3
sample_03039.png,0_1_-1,2
sample_03033.png,0_1_2,3
sample_03034.png,0_1_2,3
sample_03035.png,0_1_2,3
sample_03037.png,0_1_2,3
sample_03042.png,0_1_-1,2
sample_03041.png,0_1_-1,2
sample_03040.png,0_1_2,3
sample_03045.png,0_1_-1,2
sample_03036.png,0_1_2,3
sample_03044.png,0_1_-1,2
sample_03047.png,0_1_-1,2
sample_03048.png,0_1_-1,2
sample_03046.png,0_1_-1,2
sample_03049.png,0_1_-1,2
sample_03043.png,0_1_2,3
sample_03053.png,0_1_-1,2
sample_03052.png,0_1_-1,2
sample_03054.png,0_1_-1,2
sample_03056.png,0_1_-1,2
sample_03050.png,0_1_2,3
sample_03051.png,0_1_2,3
sample_03060.png,0_1_-1,2
sample_03059.png,0_1_-1,2
sample_03055.png,0_1_2,3
sample_03061.png,0_1_-1,2
sample_03063.png,0_1_-1,2
sample_03057.png,0_1_2,3
sample_03066.png,0_1_-1,2
sample_03067.png,0_1_-1,2
sample_03068.png,0_1_-1,2
sample_03069.png,0_1_-1,2
sample_03058.png,0_1_2,3
sample_03064.png,0_1_2,3
sample_03065.png,0_1_2,3
sample_03071.png,0_1_-1,2
sample_03073.png,0_1_-1,2
sample_03062.png,0_1_2,3
sample_03072.png,0_1_-1,2
sample_03070.png,0_1_2,3
sample_03074.png,0_1_-1,2
sample_03078.png,0_1_-1,2
sample_03077.png,0_1_-1,2
sample_03080.png,0_1_-1,2
sample_03075.png,0_1_2,3
sample_03081.png,0_1_-1,2
sample_03076.png,0_1_2,3
sample_03085.png,0_1_-1,2
sample_03088.png,0_1_-1,2
sample_03082.png,0_1_2,3
sample_03090.png,0_1_-1,2
sample_03089.png,0_1_-1,2
sample_03091.png,0_1_-1,2
sample_03079.png,0_1_2,3
sample_03083.png,0_1_2,3
sample_03084.png,0_1_2,3
sample_03092.png,0_1_-1,2
sample_03087.png,0_1_2,3
sample_03086.png,0_1_2,3
sample_03095.png,0_1_-1,2
sample_03100.png,0_1_-1,2
sample_03099.png,0_1_-1,2
sample_03093.png,0_1_2,3
sample_03094.png,0_1_2,3
sample_03097.png,0_1_2,3
sample_03102.png,0_1_-1,2
sample_03096.png,0_1_2,3
sample_03098.png,0_1_2,3
sample_03104.png,0_1_-1,2
sample_03105.png,0_1_-1,2
sample_03103.png,0_1_-1,2
sample_03107.png,0_1_-1,2
sample_03108.png,0_1_-1,2
sample_03101.png,0_1_2,3
sample_03112.png,0_1_-1,2
sample_03109.png,0_1_2,3
sample_03106.png,0_1_2,3
sample_03113.png,0_1_-1,2
sample_03110.png,0_1_2,3
sample_03114.png,0_1_-1,2
sample_03111.png,0_1_2,3
sample_03116.png,0_1_-1,2
sample_03117.png,0_1_-1,2
sample_03124.png,0_1_-1,2
sample_03125.png,0_1_-1,2
sample_03115.png,0_1_2,3
sample_03126.png,0_1_-1,2
sample_03118.png,0_1_2,3
sample_03119.png,0_1_2,3
sample_03122.png,0_1_2,3
sample_03121.png,0_1_2,3
sample_03123.png,0_1_2,3
sample_03128.png,0_1_-1,2
sample_03120.png,0_1_2,3
sample_03132.png,0_1_-1,2
sample_03127.png,0_1_2,3
sample_03129.png,0_1_-1,2
sample_03133.png,0_1_-1,2
sample_03130.png,0_1_2,3
sample_03136.png,0_1_-1,2
sample_03131.png,0_1_2,3
sample_03140.png,0_1_-1,2
sample_03135.png,0_1_2,3
sample_03134.png,0_1_2,3
sample_03141.png,0_1_-1,2
sample_03144.png,0_1_-1,2
sample_03143.png,0_1_-1,2
sample_03139.png,0_1_-1,2
sample_03145.png,0_1_-1,2
sample_03146.png,0_1_-1,2
sample_03137.png,0_1_2,3
sample_03149.png,0_1_-1,2
sample_03138.png,0_1_2,3
sample_03142.png,0_1_2,3
sample_03151.png,0_1_-1,2
sample_03153.png,0_1_-1,2
sample_03147.png,0_1_2,3
sample_03150.png,0_1_2,3
sample_03152.png,0_1_2,3
sample_03148.png,0_1_2,3
sample_03158.png,0_1_-1,2
sample_03154.png,0_1_2,3
sample_03155.png,0_1_2,3
sample_03162.png,0_1_-1,2
sample_03163.png,0_1_-1,2
sample_03156.png,0_1_2,3
sample_03165.png,0_1_-1,2
sample_03160.png,0_1_2,3
sample_03167.png,0_1_-1,2
sample_03157.png,0_1_2,3
sample_03168.png,0_1_-1,2
sample_03161.png,0_1_2,3
sample_03159.png,0_1_2,3
sample_03164.png,0_1_2,3
sample_03170.png,0_1_-1,2
sample_03166.png,0_1_2,3
sample_03171.png,0_1_-1,2
sample_03169.png,0_1_2,3
sample_03174.png,0_1_-1,2
sample_03176.png,0_1_-1,2
sample_03177.png,0_1_-1,2
sample_03172.png,0_1_2,3
sample_03173.png,0_1_2,3
sample_03178.png,0_1_-1,2
sample_03175.png,0_1_2,3
sample_03180.png,0_1_2,3
sample_03179.png,0_1_2,3
sample_03184.png,0_1_-1,2
sample_03181.png,0_1_2,3
sample_03186.png,0_1_2,3
sample_03187.png,0_1_2,3
sample_03183.png,0_1_2,3
sample_03185.png,0_1_2,3
sample_03190.png,0_1_-1,2
sample_03182.png,0_1_2,3
sample_03191.png,0_1_-1,2
sample_03189.png,0_1_2,3
sample_03193.png,0_1_-1,2
sample_03192.png,0_1_-1,2
sample_03194.png,0_1_-1,2
sample_03195.png,0_1_-1,2
sample_03188.png,0_1_2,3
sample_03197.png,0_1_-1,2
sample_03199.png,0_1_-1,2
sample_03196.png,0_1_2,3
sample_03202.png,0_1_-1,2
sample_03204.png,0_1_-1,2
sample_03198.png,0_1_2,3
sample_03209.png,0_1_-1,2
sample_03200.png,0_1_2,3
sample_03201.png,0_1_2,3
sample_03214.png,0_1_-1,2
sample_03211.png,0_1_-1,2
sample_03203.png,0_1_2,3
sample_03206.png,0_1_2,3
sample_03208.png,0_1_2,3
sample_03207.png,0_1_2,3
sample_03205.png,0_1_2,3
sample_03210.png,0_1_2,3
sample_03212.png,0_1_2,3
sample_03218.png,0_1_-1,2
sample_03213.png,0_1_2,3
sample_03219.png,0_1_-1,2
sample_03220.png,0_1_-1,2
sample_03216.png,0_1_2,3
sample_03217.png,0_1_2,3
sample_03226.png,0_1_-1,2
sample_03215.png,0_1_2,3
sample_03222.png,0_1_-1,2
sample_03228.png,0_1_-1,2
sample_03232.png,0_1_-1,2
sample_03221.png,0_1_2,3
sample_03225.png,0_1_2,3
sample_03224.png,0_1_2,3
sample_03223.png,0_1_2,3
sample_03231.png,0_1_-1,2
sample_03227.png,0_1_2,3
sample_03230.png,0_1_2,3
sample_03229.png,0_1_2,3
sample_03238.png,0_1_-1,2
sample_03233.png,0_1_2,3
sample_03235.png,0_1_2,3
sample_03241.png,0_1_-1,2
sample_03234.png,0_1_2,3
sample_03237.png,0_1_2,3
sample_03236.png,0_1_2,3
sample_03240.png,0_1_-1,2
sample_03242.png,0_1_-1,2
sample_03239.png,0_1_2,3
sample_03243.png,0_1_-1,2
sample_03244.png,0_1_-1,2
sample_03245.png,0_1_-1,2
sample_03248.png,0_1_-1,2
sample_03246.png,0_1_2,3
sample_03250.png,0_1_2,3
sample_03247.png,0_1_2,3
sample_03249.png,0_1_2,3
sample_03254.png,0_1_-1,2
sample_03256.png,0_1_-1,2
sample_03255.png,0_1_-1,2
sample_03260.png,0_1_-1,2
sample_03253.png,0_1_2,3
sample_03261.png,0_1_-1,2
sample_03258.png,0_1_-1,2
sample_03263.png,0_1_-1,2
sample_03252.png,0_1_2,3
sample_03251.png,0_1_2,3
sample_03262.png,0_1_-1,2
sample_03257.png,0_1_2,3
sample_03259.png,0_1_2,3
sample_03266.png,0_1_-1,2
sample_03271.png,0_1_-1,2
sample_03270.png,0_1_-1,2
sample_03269.png,0_1_-1,2
sample_03264.png,0_1_2,3
sample_03272.png,0_1_-1,2
sample_03273.png,0_1_-1,2
sample_03265.png,0_1_2,3
sample_03267.png,0_1_2,3
sample_03274.png,0_1_-1,2
sample_03275.png,0_1_-1,2
sample_03268.png,0_1_2,3
sample_03276.png,0_1_-1,2
sample_03278.png,0_1_-1,2
sample_03280.png,0_1_-1,2
sample_03279.png,0_1_2,3
sample_03277.png,0_1_2,3
sample_03281.png,0_1_2,3
sample_03284.png,0_1_-1,2
sample_03282.png,0_1_2,3
sample_03289.png,0_1_-1,2
sample_03283.png,0_1_2,3
sample_03290.png,0_1_-1,2
sample_03294.png,0_1_-1,2
sample_03285.png,0_1_2,3
sample_03296.png,0_1_-1,2
sample_03286.png,0_1_2,3
sample_03297.png,0_1_-1,2
sample_03287.png,0_1_2,3
sample_03288.png,0_1_2,3
sample_03295.png,0_1_-1,2
sample_03293.png,0_1_2,3
sample_03291.png,0_1_2,3
sample_03300.png,0_1_-1,2
sample_03298.png,0_1_-1,2
sample_03302.png,0_1_-1,2
sample_03301.png,0_1_-1,2
sample_03292.png,0_1_2,3
sample_03303.png,0_1_-1,2
sample_03304.png,0_1_-1,2
sample_03299.png,0_1_2,3
sample_03311.png,0_1_-1,2
sample_03309.png,0_1_-1,2
sample_03307.png,0_1_-1,2
sample_03310.png,0_1_-1,2
sample_03305.png,0_1_2,3
sample_03315.png,0_1_-1,2
sample_03318.png,0_1_-1,2
sample_03308.png,0_1_2,3
sample_03306.png,0_1_2,3
sample_03313.png,0_1_2,3
sample_03312.png,0_1_2,3
sample_03316.png,0_1_2,3
sample_03322.png,0_1_-1,2
sample_03320.png,0_1_-1,2
sample_03314.png,0_1_2,3
sample_03317.png,0_1_2,3
sample_03326.png,0_1_-1,2
sample_03321.png,0_1_2,3
sample_03319.png,0_1_2,3
sample_03327.png,0_1_-1,2
sample_03324.png,0_1_2,3
sample_03325.png,0_1_2,3
sample_03323.png,0_1_2,3
sample_03329.png,0_1_-1,2
sample_03333.png,0_1_-1,2
sample_03330.png,0_1_-1,2
sample_03328.png,0_1_2,3
sample_03332.png,0_1_-1,2
sample_03334.png,0_1_-1,2
sample_03337.png,0_1_-1,2
sample_03336.png,0_1_-1,2
sample_03339.png,0_1_-1,2
sample_03335.png,0_1_2,3
sample_03340.png,0_1_-1,2
sample_03338.png,0_1_2,3
sample_03343.png,0_1_-1,2
sample_03331.png,0_1_2,3
sample_03346.png,0_1_-1,2
sample_03341.png,0_1_2,3
sample_03342.png,0_1_2,3
sample_03350.png,0_1_-1,2
sample_03347.png,0_1_-1,2
sample_03344.png,0_1_2,3
sample_03348.png,0_1_-1,2
sample_03353.png,0_1_-1,2
sample_03351.png,0_1_-1,2
sample_03354.png,0_1_-1,2
sample_03345.png,0_1_2,3
sample_03349.png,0_1_2,3
sample_03352.png,0_1_2,3
sample_03355.png,0_1_2,3
sample_03361.png,0_1_-1,2
sample_03356.png,0_1_2,3
sample_03357.png,0_1_2,3
sample_03359.png,0_1_2,3
sample_03365.png,0_1_-1,2
sample_03364.png,0_1_-1,2
sample_03360.png,0_1_2,3
sample_03358.png,0_1_2,3
sample_03370.png,0_1_-1,2
sample_03362.png,0_1_2,3
sample_03363.png,0_1_2,3
sample_03366.png,0_1_2,3
sample_03368.png,0_1_2,3
sample_03367.png,0_1_2,3
sample_03369.png,0_1_2,3
sample_03374.png,0_1_-1,2
sample_03371.png,0_1_2,3
sample_03372.png,0_1_2,3
sample_03381.png,0_1_-1,2
sample_03380.png,0_1_-1,2
sample_03376.png,0_1_2,3
sample_03373.png,0_1_2,3
sample_03375.png,0_1_2,3
sample_03377.png,0_1_2,3
sample_03385.png,0_1_-1,2
sample_03384.png,0_1_-1,2
sample_03378.png,0_1_2,3
sample_03386.png,0_1_-1,2
sample_03379.png,0_1_2,3
sample_03388.png,0_1_-1,2
sample_03390.png,0_1_-1,2
sample_03382.png,0_1_2,3
sample_03391.png,0_1_-1,2
sample_03383.png,0_1_2,3
sample_03387.png,0_1_2,3
sample_03393.png,0_1_-1,2
sample_03389.png,0_1_2,3
sample_03399.png,0_1_-1,2
sample_03392.png,0_1_2,3
sample_03395.png,0_1_-1,2
sample_03403.png,0_1_-1,2
sample_03405.png,0_1_-1,2
sample_03397.png,0_1_2,3
sample_03394.png,0_1_2,3
sample_03406.png,0_1_-1,2
sample_03398.png,0_1_2,3
sample_03407.png,0_1_-1,2
sample_03396.png,0_1_2,3
sample_03402.png,0_1_2,3
sample_03401.png,0_1_2,3
sample_03400.png,0_1_2,3
sample_03404.png,0_1_2,3
sample_03412.png,0_1_-1,2
sample_03411.png,0_1_-1,2
sample_03408.png,0_1_2,3
sample_03409.png,0_1_2,3
sample_03410.png,0_1_2,3
sample_03415.png,0_1_-1,2
sample_03414.png,0_1_-1,2
sample_03419.png,0_1_-1,2
sample_03418.png,0_1_-1,2
sample_03420.png,0_1_-1,2
sample_03421.png,0_1_-1,2
sample_03425.png,0_1_-1,2
sample_03413.png,0_1_2,3
sample_03424.png,0_1_-1,2
sample_03416.png,0_1_2,3
sample_03417.png,0_1_2,3
sample_03426.png,0_1_-1,2
sample_03422.png,0_1_2,3
sample_03423.png,0_1_2,3
sample_03430.png,0_1_-1,2
sample_03432.png,0_1_-1,2
sample_03431.png,0_1_-1,2
sample_03433.png,0_1_-1,2
sample_03427.png,0_1_2,3
sample_03428.png,0_1_2,3
sample_03429.png,0_1_2,3
sample_03434.png,0_1_-1,2
sample_03435.png,0_1_-1,2
sample_03437.png,0_1_-1,2
sample_03441.png,0_1_-1,2
sample_03436.png,0_1_2,3
sample_03438.png,0_1_2,3
sample_03445.png,0_1_-1,2
sample_03439.png,0_1_2,3
sample_03446.png,0_1_-1,2
sample_03442.png,0_1_2,3
sample_03440.png,0_1_2,3
sample_03448.png,0_1_-1,2
sample_03443.png,0_1_2,3
sample_03444.png,0_1_2,3
sample_03449.png,0_1_-1,2
sample_03450.png,0_1_-1,2
sample_03453.png,0_1_-1,2
sample_03451.png,0_1_-1,2
sample_03447.png,0_1_2,3
sample_03457.png,0_1_-1,2
sample_03452.png,0_1_2,3
sample_03459.png,0_1_-1,2
sample_03455.png,0_1_2,3
sample_03454.png,0_1_2,3
sample_03456.png,0_1_2,3
sample_03460.png,0_1_-1,2
sample_03467.png,0_1_-1,2
sample_03465.png,0_1_-1,2
sample_03466.png,0_1_-1,2
sample_03458.png,0_1_2,3
sample_03463.png,0_1_-1,2
sample_03471.png,0_1_-1,2
sample_03461.png,0_1_2,3
sample_03462.png,0_1_2,3
sample_03472.png,0_1_-1,2
sample_03470.png,0_1_2,3
sample_03469.png,0_1_2,3
sample_03464.png,0_1_2,3
sample_03468.png,0_1_2,3
sample_03479.png,0_1_-1,2
sample_03478.png,0_1_-1,2
sample_03474.png,0_1_2,3
sample_03473.png,0_1_2,3
sample_03482.png,0_1_-1,2
sample_03483.png,0_1_-1,2
sample_03475.png,0_1_2,3
sample_03476.png,0_1_2,3
sample_03477.png,0_1_2,3
sample_03485.png,0_1_-1,2
sample_03480.png,0_1_2,3
sample_03487.png,0_1_-1,2
sample_03486.png,0_1_-1,2
sample_03481.png,0_1_2,3
sample_03489.png,0_1_-1,2
sample_03484.png,0_1_2,3
sample_03488.png,0_1_2,3
sample_03491.png,0_1_-1,2
sample_03495.png,0_1_-1,2
sample_03490.png,0_1_2,3
sample_03493.png,0_1_-1,2
sample_03492.png,0_1_2,3
sample_03500.png,0_1_-1,2
sample_03499.png,0_1_-1,2
sample_03501.png,0_1_-1,2
sample_03502.png,0_1_-1,2
sample_03497.png,0_1_2,3
sample_03506.png,0_1_-1,2
sample_03498.png,0_1_2,3
sample_03494.png,0_1_2,3
sample_03507.png,0_1_-1,2
sample_03496.png,0_1_2,3
sample_03504.png,0_1_2,3
sample_03505.png,0_1_2,3
sample_03503.png,0_1_2,3
sample_03508.png,0_1_2,3
sample_03512.png,0_1_-1,2
sample_03511.png,0_1_-1,2
sample_03514.png,0_1_-1,2
sample_03515.png,0_1_-1,2
sample_03516.png,0_1_-1,2
sample_03517.png,0_1_-1,2
sample_03510.png,0_1_2,3
sample_03509.png,0_1_2,3
sample_03518.png,0_1_-1,2
sample_03513.png,0_1_2,3
sample_03521.png,0_1_-1,2
sample_03522.png,0_1_-1,2
sample_03520.png,0_1_-1,2
sample_03519.png,0_1_2,3
sample_03526.png,0_1_-1,2
sample_03527.png,0_1_-1,2
sample_03523.png,0_1_2,3
sample_03534.png,0_1_-1,2
sample_03524.png,0_1_2,3
sample_03531.png,0_1_-1,2
sample_03529.png,0_1_2,3
sample_03535.png,0_1_-1,2
sample_03533.png,0_1_-1,2
sample_03536.png,0_1_-1,2
sample_03525.png,0_1_2,3
sample_03528.png,0_1_2,3
sample_03530.png,0_1_2,3
sample_03537.png,0_1_2,3
sample_03532.png,0_1_2,3
sample_03542.png,0_1_-1,2
sample_03538.png,0_1_2,3
sample_03539.png,0_1_2,3
sample_03545.png,0_1_-1,2
sample_03540.png,0_1_2,3
sample_03543.png,0_1_2,3
sample_03541.png,0_1_2,3
sample_03547.png,0_1_-1,2
sample_03544.png,0_1_2,3
sample_03546.png,0_1_-1,2
sample_03549.png,0_1_2,3
sample_03548.png,0_1_2,3
sample_03551.png,0_1_2,3
sample_03550.png,0_1_2,3
sample_03559.png,0_1_-1,2
sample_03553.png,0_1_2,3
sample_03556.png,0_1_-1,2
sample_03558.png,0_1_-1,2
sample_03552.png,0_1_2,3
sample_03555.png,0_1_2,3
sample_03560.png,0_1_-1,2
sample_03554.png,0_1_2,3
sample_03561.png,0_1_-1,2
sample_03557.png,0_1_2,3
sample_03563.png,0_1_-1,2
sample_03566.png,0_1_-1,2
sample_03562.png,0_1_2,3
sample_03564.png,0_1_2,3
sample_03569.png,0_1_-1,2
sample_03567.png,0_1_2,3
sample_03570.png,0_1_-1,2
sample_03568.png,0_1_-1,2
sample_03573.png,0_1_-1,2
sample_03576.png,0_1_-1,2
sample_03577.png,0_1_-1,2
sample_03580.png,0_1_-1,2
sample_03565.png,0_1_2,3
sample_03578.png,0_1_-1,2
sample_03581.png,0_1_-1,2
sample_03572.png,0_1_2,3
sample_03575.png,0_1_2,3
sample_03574.png,0_1_2,3
sample_03583.png,0_1_-1,2
sample_03571.png,0_1_2,3
sample_03579.png,0_1_2,3
sample_03585.png,0_1_-1,2
sample_03582.png,0_1_2,3
sample_03588.png,0_1_-1,2
sample_03589.png,0_1_-1,2
sample_03587.png,0_1_-1,2
sample_03590.png,0_1_-1,2
sample_03584.png,0_1_2,3
sample_03593.png,0_1_-1,2
sample_03594.png,0_1_-1,2
sample_03586.png,0_1_2,3
sample_03595.png,0_1_-1,2
sample_03596.png,0_1_-1,2
sample_03597.png,0_1_-1,2
sample_03591.png,0_1_2,3
sample_03600.png,0_1_-1,2
sample_03598.png,0_1_-1,2
sample_03592.png,0_1_2,3
sample_03601.png,0_1_-1,2
sample_03602.png,0_1_-1,2
sample_03599.png,0_1_2,3
sample_03603.png,0_1_-1,2
sample_03605.png,0_1_-1,2
sample_03608.png,0_1_-1,2
sample_03607.png,0_1_-1,2
sample_03611.png,0_1_-1,2
sample_03613.png,0_1_-1,2
sample_03606.png,0_1_2,3
sample_03610.png,0_1_-1,2
sample_03615.png,0_1_-1,2
sample_03614.png,0_1_-1,2
sample_03604.png,0_1_2,3
sample_03617.png,0_1_-1,2
sample_03619.png,0_1_-1,2
sample_03612.png,0_1_2,3
sample_03618.png,0_1_-1,2
sample_03621.png,0_1_-1,2
sample_03616.png,0_1_2,3
sample_03624.png,0_1_-1,2
sample_03609.png,0_1_2,3
sample_03620.png,0_1_2,3
sample_03625.png,0_1_-1,2
sample_03623.png,0_1_2,3
sample_03622.png,0_1_2,3
sample_03633.png,0_1_-1,2
sample_03632.png,0_1_-1,2
sample_03626.png,0_1_2,3
sample_03634.png,0_1_-1,2
sample_03629.png,0_1_-1,2
sample_03635.png,0_1_-1,2
sample_03630.png,0_1_2,3
sample_03636.png,0_1_-1,2
sample_03628.png,0_1_2,3
sample_03631.png,0_1_2,3
sample_03639.png,0_1_-1,2
sample_03640.png,0_1_-1,2
sample_03627.png,0_1_2,3
sample_03637.png,0_1_2,3
sample_03638.png,0_1_2,3
sample_03645.png,0_1_-1,2
sample_03641.png,0_1_2,3
sample_03642.png,0_1_2,3
sample_03643.png,0_1_2,3
sample_03649.png,0_1_-1,2
sample_03647.png,0_1_-1,2
sample_03644.png,0_1_2,3
sample_03648.png,0_1_-1,2
sample_03650.png,0_1_-1,2
sample_03653.png,0_1_-1,2
sample_03652.png,0_1_-1,2
sample_03656.png,0_1_-1,2
sample_03646.png,0_1_2,3
sample_03658.png,0_1_-1,2
sample_03651.png,0_1_2,3
sample_03654.png,0_1_2,3
sample_03655.png,0_1_2,3
sample_03657.png,0_1_2,3
sample_03659.png,0_1_2,3
sample_03669.png,0_1_-1,2
sample_03661.png,0_1_2,3
sample_03671.png,0_1_-1,2
sample_03672.png,0_1_-1,2
sample_03662.png,0_1_2,3
sample_03673.png,0_1_-1,2
sample_03663.png,0_1_2,3
sample_03664.png,0_1_2,3
sample_03666.png,0_1_2,3
sample_03668.png,0_1_2,3
sample_03660.png,0_1_2,3
sample_03665.png,0_1_2,3
sample_03667.png,0_1_2,3
sample_03670.png,0_1_2,3
sample_03675.png,0_1_-1,2
sample_03677.png,0_1_-1,2
sample_03676.png,0_1_-1,2
sample_03674.png,0_1_2,3
sample_03679.png,0_1_-1,2
sample_03680.png,0_1_-1,2
sample_03681.png,0_1_-1,2
sample_03678.png,0_1_2,3
sample_03686.png,0_1_-1,2
sample_03687.png,0_1_-1,2
sample_03688.png,0_1_-1,2
sample_03682.png,0_1_2,3
sample_03690.png,0_1_-1,2
sample_03683.png,0_1_2,3
sample_03684.png,0_1_2,3
sample_03685.png,0_1_2,3
sample_03689.png,0_1_2,3
sample_03695.png,0_1_-1,2
sample_03691.png,0_1_2,3
sample_03692.png,0_1_2,3
sample_03694.png,0_1_2,3
sample_03699.png,0_1_-1,2
sample_03693.png,0_1_2,3
sample_03701.png,0_1_-1,2
sample_03696.png,0_1_2,3
sample_03697.png,0_1_2,3
sample_03698.png,0_1_2,3
sample_03703.png,0_1_-1,2
sample_03706.png,0_1_-1,2
sample_03705.png,0_1_-1,2
sample_03700.png,0_1_2,3
sample_03708.png,0_1_-1,2
sample_03707.png,0_1_-1,2
sample_03704.png,0_1_2,3
sample_03702.png,0_1_2,3
sample_03711.png,0_1_-1,2
sample_03713.png,0_1_-1,2
sample_03710.png,0_1_-1,2
sample_03709.png,0_1_2,3
sample_03712.png,0_1_2,3
sample_03716.png,0_1_-1,2
sample_03717.png,0_1_-1,2
sample_03718.png,0_1_-1,2
sample_03719.png,0_1_-1,2
sample_03723.png,0_1_-1,2
sample_03714.png,0_1_2,3
sample_03715.png,0_1_2,3
sample_03720.png,0_1_2,3
sample_03727.png,0_1_-1,2
sample_03721.png,0_1_2,3
sample_03725.png,0_1_-1,2
sample_03724.png,0_1_2,3
sample_03722.png,0_1_2,3
sample_03730.png,0_1_-1,2
sample_03733.png,0_1_-1,2
sample_03728.png,0_1_2,3
sample_03731.png,0_1_2,3
sample_03726.png,0_1_2,3
sample_03729.png,0_1_2,3
sample_03732.png,0_1_2,3
sample_03737.png,0_1_-1,2
sample_03740.png,0_1_-1,2
sample_03734.png,0_1_-1,2
sample_03738.png,0_1_-1,2
sample_03736.png,0_1_2,3
sample_03739.png,0_1_2,3
sample_03745.png,0_1_-1,2
sample_03735.png,0_1_2,3
sample_03741.png,0_1_2,3
sample_03742.png,0_1_2,3
sample_03744.png,0_1_2,3
sample_03743.png,0_1_2,3
sample_03748.png,0_1_-1,2
sample_03749.png,0_1_-1,2
sample_03746.png,0_1_2,3
sample_03747.png,0_1_2,3
sample_03752.png,0_1_-1,2
sample_03755.png,0_1_-1,2
sample_03751.png,0_1_2,3
sample_03750.png,0_1_2,3
sample_03753.png,0_1_2,3
sample_03754.png,0_1_2,3
sample_03756.png,0_1_2,3
sample_03762.png,0_1_-1,2
sample_03757.png,0_1_2,3
sample_03760.png,0_1_-1,2
sample_03763.png,0_1_-1,2
sample_03758.png,0_1_2,3
sample_03767.png,0_1_-1,2
sample_03759.png,0_1_2,3
sample_03761.png,0_1_2,3
sample_03769.png,0_1_-1,2
sample_03770.png,0_1_-1,2
sample_03765.png,0_1_2,3
sample_03766.png,0_1_2,3
sample_03772.png,0_1_-1,2
sample_03768.png,0_1_2,3
sample_03764.png,0_1_2,3
sample_03774.png,0_1_-1,2
sample_03775.png,0_1_-1,2
sample_03777.png,0_1_-1,2
sample_03771.png,0_1_2,3
sample_03778.png,0_1_-1,2
sample_03779.png,0_1_-1,2
sample_03781.png,0_1_-1,2
sample_03773.png,0_1_2,3
sample_03776.png,0_1_2,3
sample_03785.png,0_1_-1,2
sample_03780.png,0_1_2,3
sample_03790.png,0_1_-1,2
sample_03782.png,0_1_2,3
sample_03783.png,0_1_2,3
sample_03784.png,0_1_2,3
sample_03786.png,0_1_2,3
sample_03787.png,0_1_2,3
sample_03788.png,0_1_2,3
sample_03794.png,0_1_-1,2
sample_03789.png,0_1_2,3
sample_03796.png,0_1_-1,2
sample_03799.png,0_1_-1,2
sample_03791.png,0_1_2,3
sample_03800.png,0_1_-1,2
sample_03792.png,0_1_-1,2
sample_03793.png,0_1_2,3
sample_03795.png,0_1_2,3
sample_03801.png,0_1_-1,2
sample_03797.png,0_1_2,3
sample_03798.png,0_1_2,3
sample_03802.png,0_1_2,3
sample_03806.png,0_1_-1,2
sample_03805.png,0_1_-1,2
sample_03803.png,0_1_2,3
sample_03809.png,0_1_-1,2
sample_03810.png,0_1_-1,2
sample_03804.png,0_1_2,3
sample_03813.png,0_1_-1,2
sample_03807.png,0_1_2,3
sample_03808.png,0_1_2,3
sample_03817.png,0_1_-1,2
sample_03818.png,0_1_-1,2
sample_03811.png,0_1_2,3
sample_03812.png,0_1_2,3
sample_03815.png,0_1_2,3
sample_03816.png,0_1_-1,2
sample_03814.png,0_1_2,3
sample_03819.png,0_1_-1,2
sample_03820.png,0_1_-1,2
sample_03823.png,0_1_-1,2
sample_03822.png,0_1_-1,2
sample_03826.png,0_1_-1,2
sample_03827.png,0_1_-1,2
sample_03824.png,0_1_2,3
sample_03821.png,0_1_2,3
sample_03825.png,0_1_2,3
sample_03834.png,0_1_-1,2
sample_03831.png,0_1_-1,2
sample_03828.png,0_1_2,3
sample_03837.png,0_1_-1,2
sample_03829.png,0_1_2,3
sample_03838.png,0_1_-1,2
sample_03830.png,0_1_2,3
sample_03832.png,0_1_2,3
sample_03833.png,0_1_2,3
sample_03839.png,0_1_-1,2
sample_03836.png,0_1_2,3
sample_03843.png,0_1_-1,2
sample_03835.png,0_1_2,3
sample_03842.png,0_1_-1,2
sample_03840.png,0_1_2,3
sample_03841.png,0_1_2,3
sample_03847.png,0_1_-1,2
sample_03844.png,0_1_2,3
sample_03849.png,0_1_-1,2
sample_03848.png,0_1_-1,2
sample_03845.png,0_1_2,3
sample_03854.png,0_1_-1,2
sample_03846.png,0_1_2,3
sample_03853.png,0_1_-1,2
sample_03850.png,0_1_2,3
sample_03851.png,0_1_2,3
sample_03859.png,0_1_-1,2
sample_03855.png,0_1_2,3
sample_03852.png,0_1_2,3
sample_03857.png,0_1_2,3
sample_03856.png,0_1_2,3
sample_03862.png,0_1_-1,2
sample_03861.png,0_1_-1,2
sample_03864.png,0_1_-1,2
sample_03858.png,0_1_2,3
sample_03860.png,0_1_2,3
sample_03867.png,0_1_-1,2
sample_03865.png,0_1_-1,2
sample_03868.png,0_1_-1,2
sample_03869.png,0_1_-1,2
sample_03863.png,0_1_2,3
sample_03870.png,0_1_-1,2
sample_03871.png,0_1_-1,2
sample_03866.png,0_1_2,3
sample_03873.png,0_1_-1,2
sample_03874.png,0_1_-1,2
sample_03876.png,0_1_-1,2
sample_03872.png,0_1_2,3
sample_03878.png,0_1_-1,2
sample_03881.png,0_1_-1,2
sample_03882.png,0_1_-1,2
sample_03880.png,0_1_-1,2
sample_03883.png,0_1_-1,2
sample_03885.png,0_1_-1,2
sample_03879.png,0_1_2,3
sample_03887.png,0_1_-1,2
sample_03886.png,0_1_-1,2
sample_03884.png,0_1_2,3
sample_03877.png,0_1_2,3
sample_03890.png,0_1_-1,2
sample_03892.png,0_1_-1,2
sample_03875.png,0_1_2,3
sample_03889.png,0_1_-1,2
sample_03888.png,0_1_2,3
sample_03894.png,0_1_-1,2
sample_03891.png,0_1_2,3
sample_03893.png,0_1_2,3
sample_03900.png,0_1_-1,2
sample_03902.png,0_1_-1,2
sample_03895.png,0_1_2,3
sample_03896.png,0_1_2,3
sample_03898.png,0_1_2,3
sample_03899.png,0_1_2,3
sample_03905.png,0_1_-1,2
sample_03897.png,0_1_2,3
sample_03906.png,0_1_-1,2
sample_03901.png,0_1_2,3
sample_03909.png,0_1_-1,2
sample_03903.png,0_1_2,3
sample_03913.png,0_1_-1,2
sample_03911.png,0_1_-1,2
sample_03912.png,0_1_-1,2
sample_03904.png,0_1_2,3
sample_03907.png,0_1_2,3
sample_03908.png,0_1_2,3
sample_03910.png,0_1_2,3
sample_03915.png,0_1_-1,2
sample_03916.png,0_1_-1,2
sample_03918.png,0_1_-1,2
sample_03914.png,0_1_2,3
sample_03922.png,0_1_-1,2
sample_03925.png,0_1_-1,2
sample_03923.png,0_1_-1,2
sample_03921.png,0_1_-1,2
sample_03924.png,0_1_-1,2
sample_03917.png,0_1_2,3
sample_03919.png,0_1_2,3
sample_03926.png,0_1_-1,2
sample_03920.png,0_1_2,3
sample_03928.png,0_1_-1,2
sample_03930.png,0_1_-1,2
sample_03932.png,0_1_-1,2
sample_03929.png,0_1_2,3
sample_03927.png,0_1_2,3
sample_03934.png,0_1_2,3
sample_03931.png,0_1_2,3
sample_03939.png,0_1_-1,2
sample_03933.png,0_1_2,3
sample_03935.png,0_1_2,3
sample_03936.png,0_1_2,3
sample_03944.png,0_1_-1,2
sample_03941.png,0_1_-1,2
sample_03937.png,0_1_2,3
sample_03942.png,0_1_2,3
sample_03945.png,0_1_2,3
sample_03938.png,0_1_2,3
sample_03947.png,0_1_-1,2
sample_03943.png,0_1_2,3
sample_03940.png,0_1_2,3
sample_03950.png,0_1_-1,2
sample_03952.png,0_1_-1,2
sample_03946.png,0_1_2,3
sample_03953.png,0_1_-1,2
sample_03948.png,0_1_2,3
sample_03954.png,0_1_-1,2
sample_03955.png,0_1_-1,2
sample_03949.png,0_1_2,3
sample_03951.png,0_1_2,3
sample_03960.png,0_1_-1,2
sample_03959.png,0_1_2,3
sample_03956.png,0_1_2,3
sample_03961.png,0_1_-1,2
sample_03962.png,0_1_-1,2
sample_03963.png,0_1_-1,2
sample_03957.png,0_1_2,3
sample_03958.png,0_1_2,3
sample_03965.png,0_1_-1,2
sample_03969.png,0_1_-1,2
sample_03971.png,0_1_-1,2
sample_03968.png,0_1_-1,2
sample_03964.png,0_1_2,3
sample_03967.png,0_1_2,3
sample_03970.png,0_1_-1,2
sample_03973.png,0_1_-1,2
sample_03974.png,0_1_-1,2
sample_03975.png,0_1_-1,2
sample_03972.png,0_1_2,3
sample_03979.png,0_1_-1,2
sample_03980.png,0_1_-1,2
sample_03977.png,0_1_-1,2
sample_03966.png,0_1_2,3
sample_03978.png,0_1_-1,2
sample_03976.png,0_1_2,3
sample_03984.png,0_1_-1,2
sample_03986.png,0_1_-1,2
sample_03985.png,0_1_-1,2
sample_03988.png,0_1_-1,2
sample_03983.png,0_1_2,3
sample_03982.png,0_1_2,3
sample_03989.png,0_1_-1,2
sample_03981.png,0_1_2,3
sample_03990.png,0_1_-1,2
sample_03992.png,0_1_-1,2
sample_03987.png,0_1_2,3
sample_03995.png,0_1_-1,2
sample_03996.png,0_1_-1,2
sample_03994.png,0_1_-1,2
sample_03999.png,0_1_-1,2
sample_03991.png,0_1_2,3
sample_03993.png,0_1_2,3
sample_04000.png,0_1_-1,2
sample_03997.png,0_1_2,3
sample_03998.png,0_1_2,3
sample_04001.png,0_1_-1,2
sample_04004.png,0_1_-1,2
sample_04007.png,0_1_-1,2
sample_04009.png,0_1_-1,2
sample_04002.png,0_1_2,3
sample_04005.png,0_1_2,3
sample_04003.png,0_1_2,3
sample_04011.png,0_1_-1,2
sample_04006.png,0_1_2,3
sample_04008.png,0_1_2,3
sample_04010.png,0_1_2,3
sample_04018.png,0_1_-1,2
sample_04016.png,0_1_-1,2
sample_04012.png,0_1_2,3
sample_04019.png,0_1_-1,2
sample_04013.png,0_1_2,3
sample_04014.png,0_1_2,3
sample_04020.png,0_1_-1,2
sample_04022.png,0_1_-1,2
sample_04023.png,0_1_-1,2
sample_04017.png,0_1_2,3
sample_04024.png,0_1_-1,2
sample_04025.png,0_1_-1,2
sample_04015.png,0_1_2,3
sample_04027.png,0_1_-1,2
sample_04021.png,0_1_2,3
sample_04026.png,0_1_2,3
sample_04030.png,0_1_2,3
sample_04036.png,0_1_-1,2
sample_04028.png,0_1_2,3
sample_04035.png,0_1_-1,2
sample_04029.png,0_1_2,3
sample_04032.png,0_1_2,3
sample_04038.png,0_1_-1,2
sample_04031.png,0_1_2,3
sample_04040.png,0_1_-1,2
sample_04033.png,0_1_2,3
sample_04039.png,0_1_-1,2
sample_04034.png,0_1_2,3
sample_04037.png,0_1_2,3
sample_04043.png,0_1_-1,2
sample_04041.png,0_1_2,3
sample_04047.png,0_1_-1,2
sample_04042.png,0_1_2,3
sample_04045.png,0_1_2,3
sample_04044.png,0_1_2,3
sample_04050.png,0_1_-1,2
sample_04053.png,0_1_-1,2
sample_04046.png,0_1_2,3
sample_04057.png,0_1_-1,2
sample_04049.png,0_1_2,3
sample_04048.png,0_1_2,3
sample_04052.png,0_1_2,3
sample_04051.png,0_1_2,3
sample_04058.png,0_1_2,3
sample_04054.png,0_1_2,3
sample_04055.png,0_1_2,3
sample_04059.png,0_1_2,3
sample_04060.png,0_1_2,3
sample_04056.png,0_1_2,3
sample_04061.png,0_1_2,3
sample_04062.png,0_1_2,3
sample_04068.png,0_1_-1,2
sample_04063.png,0_1_2,3
sample_04069.png,0_1_-1,2
sample_04066.png,0_1_2,3
sample_04064.png,0_1_2,3
sample_04067.png,0_1_2,3
sample_04072.png,0_1_-1,2
sample_04065.png,0_1_2,3
sample_04076.png,0_1_-1,2
sample_04075.png,0_1_-1,2
sample_04074.png,0_1_-1,2
sample_04073.png,0_1_2,3
sample_04077.png,0_1_-1,2
sample_04070.png,0_1_2,3
sample_04071.png,0_1_2,3
sample_04079.png,0_1_-1,2
sample_04081.png,0_1_-1,2
sample_04078.png,0_1_2,3
sample_04088.png,0_1_-1,2
sample_04086.png,0_1_-1,2
sample_04085.png,0_1_-1,2
sample_04083.png,0_1_2,3
sample_04082.png,0_1_2,3
sample_04080.png,0_1_2,3
sample_04094.png,0_1_-1,2
sample_04084.png,0_1_2,3
sample_04090.png,0_1_2,3
sample_04087.png,0_1_-1,2
sample_04096.png,0_1_2,3
sample_04097.png,0_1_-1,2
sample_04091.png,0_1_-1,2
sample_04089.png,0_1_2,3
sample_04095.png,0_1_-1,2
sample_04092.png,0_1_2,3
sample_04093.png,0_1_2,3
sample_04099.png,0_1_-1,2
sample_04098.png,0_1_-1,2
sample_04103.png,0_1_-1,2
sample_04109.png,0_1_-1,2
sample_04116.png,0_1_-1,2
sample_04106.png,0_1_-1,2
sample_04115.png,0_1_-1,2
sample_04110.png,0_1_-1,2
sample_04114.png,0_1_-1,2
sample_04107.png,0_1_-1,2
sample_04113.png,0_1_-1,2
sample_04112.png,0_1_2,3
sample_04101.png,0_1_2,3
sample_04104.png,0_1_2,3
sample_04111.png,0_1_2,3
sample_04100.png,0_1_2,3
sample_04108.png,0_1_2,3
sample_04105.png,0_1_2,3
sample_04117.png,0_1_2,3
sample_04102.png,0_1_2,3
sample_04119.png,0_1_-1,2
sample_04122.png,0_1_-1,2
sample_04120.png,0_1_-1,2
sample_04118.png,0_1_2,3
sample_04129.png,0_1_-1,2
sample_04131.png,0_1_-1,2
sample_04132.png,0_1_-1,2
sample_04125.png,0_1_2,3
sample_04133.png,0_1_-1,2
sample_04123.png,0_1_2,3
sample_04124.png,0_1_2,3
sample_04121.png,0_1_2,3
sample_04126.png,0_1_2,3
sample_04134.png,0_1_-1,2
sample_04127.png,0_1_2,3
sample_04135.png,0_1_-1,2
sample_04128.png,0_1_2,3
sample_04130.png,0_1_2,3
sample_04136.png,0_1_2,3
sample_04139.png,0_1_-1,2
sample_04140.png,0_1_-1,2
sample_04141.png,0_1_-1,2
sample_04142.png,0_1_-1,2
sample_04138.png,0_1_2,3
sample_04148.png,0_1_-1,2
sample_04149.png,0_1_-1,2
sample_04137.png,0_1_2,3
sample_04153.png,0_1_-1,2
sample_04150.png,0_1_-1,2
sample_04143.png,0_1_2,3
sample_04154.png,0_1_-1,2
sample_04144.png,0_1_2,3
sample_04146.png,0_1_2,3
sample_04145.png,0_1_2,3
sample_04152.png,0_1_2,3
sample_04151.png,0_1_2,3
sample_04147.png,0_1_2,3
sample_04158.png,0_1_-1,2
sample_04159.png,0_1_-1,2
sample_04155.png,0_1_2,3
sample_04160.png,0_1_-1,2
sample_04157.png,0_1_2,3
sample_04156.png,0_1_2,3
sample_04164.png,0_1_-1,2
sample_04162.png,0_1_-1,2
sample_04167.png,0_1_-1,2
sample_04161.png,0_1_2,3
sample_04168.png,0_1_-1,2
sample_04169.png,0_1_-1,2
sample_04170.png,0_1_-1,2
sample_04163.png,0_1_2,3
sample_04172.png,0_1_-1,2
sample_04165.png,0_1_2,3
sample_04166.png,0_1_2,3
sample_04173.png,0_1_-1,2
sample_04176.png,0_1_-1,2
sample_04178.png,0_1_-1,2
sample_04177.png,0_1_-1,2
sample_04171.png,0_1_2,3
sample_04174.png,0_1_2,3
sample_04175.png,0_1_2,3
sample_04182.png,0_1_-1,2
sample_04180.png,0_1_2,3
sample_04181.png,0_1_2,3
sample_04179.png,0_1_2,3
sample_04187.png,0_1_-1,2
sample_04183.png,0_1_2,3
sample_04191.png,0_1_-1,2
sample_04185.png,0_1_2,3
sample_04184.png,0_1_2,3
sample_04193.png,0_1_-1,2
sample_04189.png,0_1_2,3
sample_04186.png,0_1_2,3
sample_04188.png,0_1_2,3
sample_04194.png,0_1_-1,2
sample_04190.png,0_1_2,3
sample_04196.png,0_1_-1,2
sample_04195.png,0_1_-1,2
sample_04192.png,0_1_2,3
sample_04198.png,0_1_-1,2
sample_04197.png,0_1_-1,2
sample_04201.png,0_1_-1,2
sample_04199.png,0_1_2,3
sample_04206.png,0_1_-1,2
sample_04207.png,0_1_-1,2
sample_04203.png,0_1_2,3
sample_04208.png,0_1_-1,2
sample_04200.png,0_1_2,3
sample_04209.png,0_1_-1,2
sample_04210.png,0_1_-1,2
sample_04211.png,0_1_-1,2
sample_04204.png,0_1_2,3
sample_04202.png,0_1_2,3
sample_04217.png,0_1_-1,2
sample_04214.png,0_1_2,3
sample_04212.png,0_1_2,3
sample_04205.png,0_1_2,3
sample_04219.png,0_1_-1,2
sample_04215.png,0_1_2,3
sample_04213.png,0_1_2,3
sample_04216.png,0_1_2,3
sample_04218.png,0_1_2,3
sample_04224.png,0_1_-1,2
sample_04226.png,0_1_-1,2
sample_04228.png,0_1_-1,2
sample_04220.png,0_1_2,3
sample_04231.png,0_1_-1,2
sample_04230.png,0_1_-1,2
sample_04221.png,0_1_2,3
sample_04222.png,0_1_2,3
sample_04225.png,0_1_2,3
sample_04227.png,0_1_2,3
sample_04229.png,0_1_2,3
sample_04223.png,0_1_2,3
sample_04233.png,0_1_-1,2
sample_04232.png,0_1_-1,2
sample_04235.png,0_1_-1,2
sample_04234.png,0_1_-1,2
sample_04237.png,0_1_-1,2
sample_04238.png,0_1_-1,2
sample_04239.png,0_1_-1,2
sample_04241.png,0_1_-1,2
sample_04236.png,0_1_2,3
sample_04244.png,0_1_-1,2
sample_04245.png,0_1_-1,2
sample_04246.png,0_1_-1,2
sample_04240.png,0_1_2,3
sample_04249.png,0_1_-1,2
sample_04243.png,0_1_2,3
sample_04242.png,0_1_2,3
sample_04255.png,0_1_-1,2
sample_04257.png,0_1_-1,2
sample_04247.png,0_1_2,3
sample_04253.png,0_1_2,3
sample_04250.png,0_1_2,3
sample_04248.png,0_1_2,3
sample_04252.png,0_1_2,3
sample_04251.png,0_1_2,3
sample_04254.png,0_1_2,3
sample_04262.png,0_1_-1,2
sample_04256.png,0_1_2,3
sample_04263.png,0_1_-1,2
sample_04258.png,0_1_2,3
sample_04266.png,0_1_-1,2
sample_04260.png,0_1_2,3
sample_04259.png,0_1_2,3
sample_04267.png,0_1_-1,2
sample_04261.png,0_1_2,3
sample_04264.png,0_1_2,3
sample_04270.png,0_1_-1,2
sample_04269.png,0_1_-1,2
sample_04265.png,0_1_2,3
sample_04271.png,0_1_-1,2
sample_04272.png,0_1_-1,2
sample_04275.png,0_1_-1,2
sample_04274.png,0_1_-1,2
sample_04268.png,0_1_2,3
sample_04273.png,0_1_-1,2
sample_04277.png,0_1_-1,2
sample_04278.png,0_1_-1,2
sample_04279.png,0_1_-1,2
sample_04276.png,0_1_2,3
sample_04283.png,0_1_-1,2
sample_04284.png,0_1_-1,2
sample_04285.png,0_1_-1,2
sample_04287.png,0_1_-1,2
sample_04288.png,0_1_-1,2
sample_04282.png,0_1_2,3
sample_04280.png,0_1_2,3
sample_04291.png,0_1_-1,2
sample_04295.png,0_1_-1,2
sample_04294.png,0_1_-1,2
sample_04286.png,0_1_2,3
sample_04281.png,0_1_2,3
sample_04289.png,0_1_2,3
sample_04290.png,0_1_2,3
sample_04299.png,0_1_-1,2
sample_04298.png,0_1_-1,2
sample_04293.png,0_1_2,3
sample_04292.png,0_1_2,3
sample_04296.png,0_1_2,3
sample_04306.png,0_1_-1,2
sample_04304.png,0_1_-1,2
sample_04297.png,0_1_2,3
sample_04300.png,0_1_2,3
sample_04301.png,0_1_2,3
sample_04310.png,0_1_-1,2
sample_04302.png,0_1_2,3
sample_04311.png,0_1_-1,2
sample_04303.png,0_1_2,3
sample_04305.png,0_1_2,3
sample_04309.png,0_1_-1,2
sample_04313.png,0_1_-1,2
sample_04307.png,0_1_2,3
sample_04314.png,0_1_-1,2
sample_04317.png,0_1_-1,2
sample_04318.png,0_1_-1,2
sample_04315.png,0_1_2,3
sample_04308.png,0_1_2,3
sample_04316.png,0_1_2,3
sample_04321.png,0_1_-1,2
sample_04312.png,0_1_2,3
sample_04319.png,0_1_2,3
sample_04329.png,0_1_-1,2
sample_04325.png,0_1_-1,2
sample_04327.png,0_1_-1,2
sample_04328.png,0_1_-1,2
sample_04322.png,0_1_2,3
sample_04320.png,0_1_2,3
sample_04324.png,0_1_2,3
sample_04326.png,0_1_2,3
sample_04331.png,0_1_2,3
sample_04323.png,0_1_2,3
sample_04330.png,0_1_2,3
sample_04334.png,0_1_-1,2
sample_04332.png,0_1_2,3
sample_04337.png,0_1_-1,2
sample_04338.png,0_1_-1,2
sample_04333.png,0_1_2,3
sample_04339.png,0_1_-1,2
sample_04342.png,0_1_-1,2
sample_04335.png,0_1_2,3
sample_04341.png,0_1_-1,2
sample_04343.png,0_1_-1,2
sample_04345.png,0_1_-1,2
sample_04340.png,0_1_-1,2
sample_04336.png,0_1_2,3
sample_04348.png,0_1_-1,2
sample_04344.png,0_1_2,3
sample_04346.png,0_1_2,3
sample_04347.png,0_1_2,3
sample_04353.png,0_1_-1,2
sample_04349.png,0_1_2,3
sample_04350.png,0_1_2,3
sample_04351.png,0_1_2,3
sample_04359.png,0_1_-1,2
sample_04360.png,0_1_-1,2
sample_04361.png,0_1_-1,2
sample_04354.png,0_1_2,3
sample_04352.png,0_1_2,3
sample_04356.png,0_1_2,3
sample_04363.png,0_1_-1,2
sample_04357.png,0_1_2,3
sample_04358.png,0_1_2,3
sample_04365.png,0_1_-1,2
sample_04355.png,0_1_2,3
sample_04362.png,0_1_2,3
sample_04368.png,0_1_-1,2
sample_04364.png,0_1_2,3
sample_04366.png,0_1_2,3
sample_04369.png,0_1_2,3
sample_04372.png,0_1_-1,2
sample_04374.png,0_1_-1,2
sample_04367.png,0_1_2,3
sample_04373.png,0_1_-1,2
sample_04378.png,0_1_-1,2
sample_04371.png,0_1_2,3
sample_04381.png,0_1_-1,2
sample_04370.png,0_1_2,3
sample_04377.png,0_1_2,3
sample_04379.png,0_1_2,3
sample_04376.png,0_1_2,3
sample_04375.png,0_1_2,3
sample_04380.png,0_1_2,3
sample_04386.png,0_1_-1,2
sample_04382.png,0_1_2,3
sample_04383.png,0_1_2,3
sample_04384.png,0_1_2,3
sample_04388.png,0_1_-1,2
sample_04390.png,0_1_-1,2
sample_04389.png,0_1_-1,2
sample_04392.png,0_1_-1,2
sample_04385.png,0_1_2,3
sample_04387.png,0_1_2,3
sample_04396.png,0_1_-1,2
sample_04395.png,0_1_-1,2
sample_04391.png,0_1_2,3
sample_04393.png,0_1_2,3
sample_04402.png,0_1_-1,2
sample_04400.png,0_1_-1,2
sample_04394.png,0_1_2,3
sample_04401.png,0_1_-1,2
sample_04405.png,0_1_-1,2
sample_04397.png,0_1_2,3
sample_04404.png,0_1_-1,2
sample_04399.png,0_1_2,3
sample_04406.png,0_1_2,3
sample_04403.png,0_1_2,3
sample_04412.png,0_1_-1,2
sample_04415.png,0_1_-1,2
sample_04414.png,0_1_-1,2
sample_04409.png,0_1_-1,2
sample_04398.png,0_1_2,3
sample_04410.png,0_1_-1,2
sample_04411.png,0_1_-1,2
sample_04408.png,0_1_2,3
sample_04407.png,0_1_2,3
sample_04416.png,0_1_-1,2
sample_04413.png,0_1_-1,2
sample_04420.png,0_1_-1,2
sample_04418.png,0_1_2,3
sample_04417.png,0_1_2,3
sample_04424.png,0_1_-1,2
sample_04426.png,0_1_-1,2
sample_04423.png,0_1_-1,2
sample_04427.png,0_1_-1,2
sample_04419.png,0_1_2,3
sample_04425.png,0_1_-1,2
sample_04421.png,0_1_-1,2
sample_04428.png,0_1_2,3
sample_04431.png,0_1_-1,2
sample_04430.png,0_1_-1,2
sample_04422.png,0_1_2,3
sample_04435.png,0_1_2,3
sample_04429.png,0_1_2,3
sample_04433.png,0_1_2,3
sample_04432.png,0_1_2,3
sample_04437.png,0_1_2,3
sample_04434.png,0_1_2,3
sample_04441.png,0_1_-1,2
sample_04442.png,0_1_-1,2
sample_04436.png,0_1_2,3
sample_04439.png,0_1_-1,2
sample_04438.png,0_1_2,3
sample_04440.png,0_1_2,3
sample_04445.png,0_1_-1,2
sample_04447.png,0_1_-1,2
sample_04443.png,0_1_2,3
sample_04452.png,0_1_-1,2
sample_04455.png,0_1_-1,2
sample_04446.png,0_1_2,3
sample_04444.png,0_1_2,3
sample_04457.png,0_1_-1,2
sample_04453.png,0_1_2,3
sample_04449.png,0_1_2,3
sample_04448.png,0_1_-1,2
sample_04451.png,0_1_2,3
sample_04454.png,0_1_2,3
sample_04458.png,0_1_-1,2
sample_04450.png,0_1_2,3
sample_04464.png,0_1_-1,2
sample_04456.png,0_1_2,3
sample_04465.png,0_1_-1,2
sample_04463.png,0_1_-1,2
sample_04462.png,0_1_2,3
sample_04461.png,0_1_2,3
sample_04460.png,0_1_2,3
sample_04466.png,0_1_-1,2
sample_04474.png,0_1_-1,2
sample_04470.png,0_1_-1,2
sample_04459.png,0_1_2,3
sample_04468.png,0_1_-1,2
sample_04467.png,0_1_2,3
sample_04473.png,0_1_-1,2
sample_04469.png,0_1_2,3
sample_04478.png,0_1_-1,2
sample_04475.png,0_1_-1,2
sample_04476.png,0_1_-1,2
sample_04471.png,0_1_2,3
sample_04477.png,0_1_-1,2
sample_04482.png,0_1_-1,2
sample_04480.png,0_1_-1,2
sample_04472.png,0_1_2,3
sample_04486.png,0_1_-1,2
sample_04483.png,0_1_2,3
sample_04479.png,0_1_2,3
sample_04490.png,0_1_-1,2
sample_04488.png,0_1_-1,2
sample_04484.png,0_1_2,3
sample_04481.png,0_1_2,3
sample_04498.png,0_1_-1,2
sample_04491.png,0_1_-1,2
sample_04492.png,0_1_-1,2
sample_04497.png,0_1_-1,2
sample_04487.png,0_1_2,3
sample_04489.png,0_1_2,3
sample_04496.png,0_1_2,3
sample_04493.png,0_1_2,3
sample_04485.png,0_1_2,3
sample_04495.png,0_1_2,3
sample_04503.png,0_1_-1,2
sample_04499.png,0_1_2,3
sample_04494.png,0_1_2,3
sample_04501.png,0_1_2,3
sample_04505.png,0_1_-1,2
sample_04500.png,0_1_2,3
sample_04502.png,0_1_2,3
sample_04506.png,0_1_-1,2
sample_04508.png,0_1_-1,2
sample_04504.png,0_1_2,3
sample_04510.png,0_1_-1,2
sample_04511.png,0_1_-1,2
sample_04507.png,0_1_2,3
sample_04509.png,0_1_2,3
sample_04512.png,0_1_2,3
sample_04517.png,0_1_-1,2
sample_04519.png,0_1_-1,2
sample_04520.png,0_1_-1,2
sample_04521.png,0_1_-1,2
sample_04514.png,0_1_2,3
sample_04513.png,0_1_2,3
sample_04523.png,0_1_-1,2
sample_04524.png,0_1_-1,2
sample_04525.png,0_1_-1,2
sample_04526.png,0_1_-1,2
sample_04516.png,0_1_2,3
sample_04518.png,0_1_2,3
sample_04515.png,0_1_2,3
sample_04522.png,0_1_2,3
sample_04529.png,0_1_-1,2
sample_04527.png,0_1_2,3
sample_04528.png,0_1_2,3
sample_04537.png,0_1_-1,2
sample_04536.png,0_1_-1,2
sample_04540.png,0_1_-1,2
sample_04538.png,0_1_-1,2
sample_04531.png,0_1_2,3
sample_04530.png,0_1_2,3
sample_04534.png,0_1_2,3
sample_04541.png,0_1_-1,2
sample_04535.png,0_1_2,3
sample_04533.png,0_1_2,3
sample_04532.png,0_1_2,3
sample_04543.png,0_1_-1,2
sample_04544.png,0_1_-1,2
sample_04539.png,0_1_2,3
sample_04542.png,0_1_2,3
sample_04548.png,0_1_-1,2
sample_04545.png,0_1_2,3
sample_04549.png,0_1_-1,2
sample_04546.png,0_1_2,3
sample_04553.png,0_1_-1,2
sample_04547.png,0_1_2,3
sample_04550.png,0_1_-1,2
sample_04559.png,0_1_-1,2
sample_04556.png,0_1_-1,2
sample_04557.png,0_1_-1,2
sample_04560.png,0_1_-1,2
sample_04558.png,0_1_-1,2
sample_04551.png,0_1_2,3
sample_04554.png,0_1_2,3
sample_04555.png,0_1_2,3
sample_04563.png,0_1_-1,2
sample_04552.png,0_1_2,3
sample_04562.png,0_1_2,3
sample_04561.png,0_1_2,3
sample_04568.png,0_1_-1,2
sample_04570.png,0_1_-1,2
sample_04564.png,0_1_2,3
sample_04573.png,0_1_-1,2
sample_04566.png,0_1_2,3
sample_04565.png,0_1_2,3
sample_04575.png,0_1_-1,2
sample_04567.png,0_1_2,3
sample_04577.png,0_1_-1,2
sample_04571.png,0_1_2,3
sample_04574.png,0_1_-1,2
sample_04579.png,0_1_-1,2
sample_04569.png,0_1_2,3
sample_04576.png,0_1_2,3
sample_04572.png,0_1_2,3
sample_04578.png,0_1_2,3
sample_04580.png,0_1_2,3
sample_04581.png,0_1_2,3
sample_04582.png,0_1_2,3
sample_04583.png,0_1_2,3
sample_04589.png,0_1_-1,2
sample_04592.png,0_1_-1,2
sample_04584.png,0_1_2,3
sample_04594.png,0_1_-1,2
sample_04586.png,0_1_2,3
sample_04588.png,0_1_2,3
sample_04590.png,0_1_2,3
sample_04585.png,0_1_2,3
sample_04595.png,0_1_-1,2
sample_04591.png,0_1_2,3
sample_04587.png,0_1_2,3
sample_04597.png,0_1_-1,2
sample_04593.png,0_1_2,3
sample_04601.png,0_1_-1,2
sample_04596.png,0_1_2,3
sample_04598.png,0_1_2,3
sample_04604.png,0_1_-1,2
sample_04599.png,0_1_2,3
sample_04600.png,0_1_2,3
sample_04607.png,0_1_-1,2
sample_04602.png,0_1_2,3
sample_04609.png,0_1_-1,2
sample_04603.png,0_1_2,3
sample_04610.png,0_1_-1,2
sample_04611.png,0_1_-1,2
sample_04605.png,0_1_2,3
sample_04606.png,0_1_2,3
sample_04613.png,0_1_-1,2
sample_04608.png,0_1_2,3
sample_04612.png,0_1_-1,2
sample_04617.png,0_1_-1,2
sample_04614.png,0_1_2,3
sample_04619.png,0_1_-1,2
sample_04623.png,0_1_-1,2
sample_04615.png,0_1_2,3
sample_04616.png,0_1_2,3
sample_04622.png,0_1_-1,2
sample_04620.png,0_1_2,3
sample_04618.png,0_1_2,3
sample_04621.png,0_1_2,3
sample_04631.png,0_1_-1,2
sample_04628.png,0_1_-1,2
sample_04630.png,0_1_-1,2
sample_04624.png,0_1_2,3
sample_04625.png,0_1_2,3
sample_04627.png,0_1_2,3
sample_04629.png,0_1_2,3
sample_04626.png,0_1_2,3
sample_04634.png,0_1_-1,2
sample_04633.png,0_1_-1,2
sample_04632.png,0_1_2,3
sample_04635.png,0_1_2,3
sample_04638.png,0_1_-1,2
sample_04642.png,0_1_-1,2
sample_04643.png,0_1_-1,2
sample_04636.png,0_1_2,3
sample_04639.png,0_1_2,3
sample_04637.png,0_1_2,3
sample_04641.png,0_1_2,3
sample_04640.png,0_1_2,3
sample_04644.png,0_1_-1,2
sample_04646.png,0_1_-1,2
sample_04650.png,0_1_-1,2
sample_04647.png,0_1_-1,2
sample_04648.png,0_1_2,3
sample_04653.png,0_1_-1,2
sample_04645.png,0_1_2,3
sample_04654.png,0_1_-1,2
sample_04652.png,0_1_-1,2
sample_04655.png,0_1_-1,2
sample_04651.png,0_1_2,3
sample_04649.png,0_1_2,3
sample_04656.png,0_1_-1,2
sample_04663.png,0_1_-1,2
sample_04666.png,0_1_-1,2
sample_04671.png,0_1_-1,2
sample_04660.png,0_1_2,3
sample_04662.png,0_1_2,3
sample_04668.png,0_1_-1,2
sample_04657.png,0_1_2,3
sample_04672.png,0_1_-1,2
sample_04665.png,0_1_-1,2
sample_04659.png,0_1_2,3
sample_04673.png,0_1_-1,2
sample_04664.png,0_1_2,3
sample_04661.png,0_1_2,3
sample_04658.png,0_1_2,3
sample_04667.png,0_1_2,3
sample_04670.png,0_1_-1,2
sample_04669.png,0_1_-1,2
sample_04675.png,0_1_2,3
sample_04674.png,0_1_2,3
sample_04682.png,0_1_-1,2
sample_04681.png,0_1_-1,2
sample_04678.png,0_1_2,3
sample_04676.png,0_1_2,3
sample_04677.png,0_1_2,3
sample_04679.png,0_1_2,3
sample_04685.png,0_1_-1,2
sample_04689.png,0_1_-1,2
sample_04680.png,0_1_2,3
sample_04686.png,0_1_-1,2
sample_04687.png,0_1_2,3
sample_04691.png,0_1_-1,2
sample_04684.png,0_1_2,3
sample_04692.png,0_1_-1,2
sample_04690.png,0_1_-1,2
sample_04688.png,0_1_2,3
sample_04696.png,0_1_-1,2
sample_04683.png,0_1_2,3
sample_04694.png,0_1_-1,2
sample_04698.png,0_1_-1,2
sample_04693.png,0_1_2,3
sample_04701.png,0_1_-1,2
sample_04700.png,0_1_-1,2
sample_04697.png,0_1_2,3
sample_04699.png,0_1_-1,2
sample_04695.png,0_1_2,3
sample_04709.png,0_1_-1,2
sample_04708.png,0_1_2,3
sample_04704.png,0_1_2,3
sample_04710.png,0_1_-1,2
sample_04706.png,0_1_2,3
sample_04712.png,0_1_-1,2
sample_04705.png,0_1_2,3
sample_04711.png,0_1_-1,2
sample_04703.png,0_1_2,3
sample_04713.png,0_1_-1,2
sample_04715.png,0_1_-1,2
sample_04702.png,0_1_2,3
sample_04707.png,0_1_2,3
sample_04716.png,0_1_-1,2
sample_04717.png,0_1_-1,2
sample_04714.png,0_1_2,3
sample_04718.png,0_1_-1,2
sample_04721.png,0_1_-1,2
sample_04722.png,0_1_-1,2
sample_04719.png,0_1_2,3
sample_04727.png,0_1_-1,2
sample_04724.png,0_1_-1,2
sample_04726.png,0_1_-1,2
sample_04720.png,0_1_2,3
sample_04729.png,0_1_-1,2
sample_04731.png,0_1_-1,2
sample_04723.png,0_1_2,3
sample_04733.png,0_1_-1,2
sample_04737.png,0_1_-1,2
sample_04725.png,0_1_2,3
sample_04730.png,0_1_2,3
sample_04732.png,0_1_2,3
sample_04728.png,0_1_2,3
sample_04736.png,0_1_2,3
sample_04741.png,0_1_-1,2
sample_04740.png,0_1_-1,2
sample_04735.png,0_1_2,3
sample_04734.png,0_1_2,3
sample_04744.png,0_1_-1,2
sample_04739.png,0_1_-1,2
sample_04738.png,0_1_2,3
sample_04742.png,0_1_2,3
sample_04743.png,0_1_2,3
sample_04751.png,0_1_-1,2
sample_04755.png,0_1_-1,2
sample_04748.png,0_1_2,3
sample_04754.png,0_1_-1,2
sample_04747.png,0_1_2,3
sample_04749.png,0_1_2,3
sample_04750.png,0_1_2,3
sample_04753.png,0_1_2,3
sample_04745.png,0_1_2,3
sample_04746.png,0_1_2,3
sample_04752.png,0_1_2,3
sample_04763.png,0_1_-1,2
sample_04762.png,0_1_-1,2
sample_04760.png,0_1_2,3
sample_04756.png,0_1_2,3
sample_04757.png,0_1_2,3
sample_04761.png,0_1_2,3
sample_04765.png,0_1_-1,2
sample_04764.png,0_1_2,3
sample_04767.png,0_1_-1,2
sample_04759.png,0_1_2,3
sample_04758.png,0_1_2,3
sample_04771.png,0_1_-1,2
sample_04776.png,0_1_-1,2
sample_04766.png,0_1_2,3
sample_04769.png,0_1_-1,2
sample_04773.png,0_1_-1,2
sample_04778.png,0_1_-1,2
sample_04768.png,0_1_2,3
sample_04775.png,0_1_-1,2
sample_04779.png,0_1_-1,2
sample_04770.png,0_1_2,3
sample_04772.png,0_1_2,3
sample_04783.png,0_1_-1,2
sample_04784.png,0_1_-1,2
sample_04774.png,0_1_2,3
sample_04782.png,0_1_-1,2
sample_04787.png,0_1_-1,2
sample_04777.png,0_1_2,3
sample_04780.png,0_1_2,3
sample_04788.png,0_1_-1,2
sample_04781.png,0_1_2,3
sample_04795.png,0_1_-1,2
sample_04785.png,0_1_2,3
sample_04792.png,0_1_-1,2
sample_04797.png,0_1_-1,2
sample_04786.png,0_1_2,3
sample_04793.png,0_1_-1,2
sample_04799.png,0_1_-1,2
sample_04789.png,0_1_2,3
sample_04791.png,0_1_2,3
sample_04790.png,0_1_2,3
sample_04794.png,0_1_2,3
sample_04796.png,0_1_2,3
sample_04798.png,0_1_2,3
sample_04805.png,0_1_-1,2
sample_04801.png,0_1_-1,2
sample_04800.png,0_1_2,3
sample_04802.png,0_1_2,3
sample_04806.png,0_1_-1,2
sample_04812.png,0_1_-1,2
sample_04810.png,0_1_-1,2
sample_04809.png,0_1_2,3
sample_04803.png,0_1_2,3
sample_04807.png,0_1_2,3
sample_04804.png,0_1_2,3
sample_04816.png,0_1_-1,2
sample_04815.png,0_1_-1,2
sample_04817.png,0_1_-1,2
sample_04814.png,0_1_2,3
sample_04813.png,0_1_2,3
sample_04819.png,0_1_-1,2
sample_04820.png,0_1_-1,2
sample_04808.png,0_1_2,3
sample_04818.png,0_1_-1,2
sample_04811.png,0_1_2,3
sample_04821.png,0_1_-1,2
sample_04824.png,0_1_-1,2
sample_04827.png,0_1_-1,2
sample_04823.png,0_1_2,3
sample_04822.png,0_1_2,3
sample_04828.png,0_1_-1,2
sample_04836.png,0_1_-1,2
sample_04826.png,0_1_2,3
sample_04829.png,0_1_2,3
sample_04830.png,0_1_-1,2
sample_04833.png,0_1_-1,2
sample_04825.png,0_1_2,3
sample_04834.png,0_1_2,3
sample_04839.png,0_1_-1,2
sample_04831.png,0_1_2,3
sample_04837.png,0_1_2,3
sample_04841.png,0_1_-1,2
sample_04842.png,0_1_-1,2
sample_04832.png,0_1_2,3
sample_04838.png,0_1_2,3
sample_04835.png,0_1_2,3
sample_04844.png,0_1_-1,2
sample_04845.png,0_1_-1,2
sample_04847.png,0_1_-1,2
sample_04846.png,0_1_-1,2
sample_04843.png,0_1_2,3
sample_04840.png,0_1_2,3
sample_04853.png,0_1_-1,2
sample_04848.png,0_1_2,3
sample_04849.png,0_1_2,3
sample_04852.png,0_1_-1,2
sample_04851.png,0_1_2,3
sample_04850.png,0_1_2,3
sample_04859.png,0_1_-1,2
sample_04862.png,0_1_-1,2
sample_04855.png,0_1_2,3
sample_04856.png,0_1_2,3
sample_04864.png,0_1_-1,2
sample_04854.png,0_1_2,3
sample_04860.png,0_1_-1,2
sample_04866.png,0_1_-1,2
sample_04858.png,0_1_2,3
sample_04857.png,0_1_2,3
sample_04865.png,0_1_-1,2
sample_04869.png,0_1_-1,2
sample_04861.png,0_1_2,3
sample_04870.png,0_1_-1,2
sample_04871.png,0_1_-1,2
sample_04863.png,0_1_2,3
sample_04868.png,0_1_2,3
sample_04867.png,0_1_2,3
sample_04872.png,0_1_-1,2
sample_04875.png,0_1_-1,2
sample_04878.png,0_1_-1,2
sample_04876.png,0_1_-1,2
sample_04879.png,0_1_-1,2
sample_04881.png,0_1_-1,2
sample_04885.png,0_1_-1,2
sample_04882.png,0_1_-1,2
sample_04877.png,0_1_2,3
sample_04884.png,0_1_-1,2
sample_04874.png,0_1_2,3
sample_04880.png,0_1_2,3
sample_04873.png,0_1_2,3
sample_04883.png,0_1_2,3
sample_04890.png,0_1_-1,2
sample_04886.png,0_1_2,3
sample_04887.png,0_1_2,3
sample_04888.png,0_1_-1,2
sample_04889.png,0_1_-1,2
sample_04894.png,0_1_-1,2
sample_04897.png,0_1_-1,2
sample_04893.png,0_1_2,3
sample_04899.png,0_1_-1,2
sample_04892.png,0_1_2,3
sample_04891.png,0_1_2,3
sample_04902.png,0_1_-1,2
sample_04898.png,0_1_2,3
sample_04900.png,0_1_2,3
sample_04895.png,0_1_2,3
sample_04896.png,0_1_2,3
sample_04906.png,0_1_-1,2
sample_04905.png,0_1_-1,2
sample_04901.png,0_1_2,3
sample_04910.png,0_1_-1,2
sample_04904.png,0_1_2,3
sample_04908.png,0_1_2,3
sample_04903.png,0_1_2,3
sample_04912.png,0_1_-1,2
sample_04911.png,0_1_2,3
sample_04907.png,0_1_2,3
sample_04913.png,0_1_2,3
sample_04917.png,0_1_-1,2
sample_04921.png,0_1_-1,2
sample_04914.png,0_1_2,3
sample_04923.png,0_1_-1,2
sample_04909.png,0_1_2,3
sample_04915.png,0_1_2,3
sample_04918.png,0_1_2,3
sample_04916.png,0_1_2,3
sample_04927.png,0_1_-1,2
sample_04919.png,0_1_2,3
sample_04922.png,0_1_2,3
sample_04920.png,0_1_2,3
sample_04926.png,0_1_-1,2
sample_04929.png,0_1_2,3
sample_04924.png,0_1_2,3
sample_04931.png,0_1_-1,2
sample_04932.png,0_1_-1,2
sample_04925.png,0_1_2,3
sample_04928.png,0_1_2,3
sample_04930.png,0_1_2,3
sample_04933.png,0_1_-1,2
sample_04934.png,0_1_-1,2
sample_04939.png,0_1_-1,2
sample_04936.png,0_1_-1,2
sample_04937.png,0_1_-1,2
sample_04938.png,0_1_-1,2
sample_04935.png,0_1_-1,2
sample_04941.png,0_1_-1,2
sample_04948.png,0_1_-1,2
sample_04945.png,0_1_-1,2
sample_04946.png,0_1_-1,2
sample_04940.png,0_1_-1,2
sample_04943.png,0_1_2,3
sample_04950.png,0_1_-1,2
sample_04942.png,0_1_2,3
sample_04952.png,0_1_-1,2
sample_04947.png,0_1_2,3
sample_04953.png,0_1_-1,2
sample_04944.png,0_1_2,3
sample_04951.png,0_1_-1,2
sample_04954.png,0_1_-1,2
sample_04949.png,0_1_2,3
sample_04959.png,0_1_-1,2
sample_04956.png,0_1_-1,2
sample_04955.png,0_1_2,3
sample_04962.png,0_1_-1,2
sample_04964.png,0_1_-1,2
sample_04963.png,0_1_-1,2
sample_04960.png,0_1_2,3
sample_04961.png,0_1_2,3
sample_04967.png,0_1_-1,2
sample_04965.png,0_1_-1,2
sample_04958.png,0_1_2,3
sample_04957.png,0_1_2,3
sample_04970.png,0_1_-1,2
sample_04968.png,0_1_2,3
sample_04971.png,0_1_-1,2
sample_04977.png,0_1_-1,2
sample_04980.png,0_1_-1,2
sample_04966.png,0_1_2,3
sample_04969.png,0_1_2,3
sample_04974.png,0_1_2,3
sample_04983.png,0_1_-1,2
sample_04972.png,0_1_2,3
sample_04975.png,0_1_2,3
sample_04984.png,0_1_-1,2
sample_04973.png,0_1_2,3
sample_04976.png,0_1_2,3
sample_04978.png,0_1_2,3
sample_04985.png,0_1_-1,2
sample_04981.png,0_1_2,3
sample_04979.png,0_1_2,3
sample_04982.png,0_1_2,3
sample_04987.png,0_1_-1,2
sample_04986.png,0_1_2,3
sample_04991.png,0_1_-1,2
sample_04994.png,0_1_-1,2
sample_04988.png,0_1_2,3
sample_04992.png,0_1_-1,2
sample_04990.png,0_1_2,3
sample_04989.png,0_1_2,3
sample_04995.png,0_1_2,3
sample_05000.png,0_1_-1,2
sample_05003.png,0_1_-1,2
sample_04998.png,0_1_2,3
sample_05005.png,0_1_-1,2
sample_05006.png,0_1_-1,2
sample_04993.png,0_1_2,3
sample_04996.png,0_1_2,3
sample_05004.png,0_1_-1,2
sample_04997.png,0_1_2,3
sample_05008.png,0_1_-1,2
sample_04999.png,0_1_2,3
sample_05007.png,0_1_-1,2
sample_05002.png,0_1_2,3
sample_05012.png,0_1_-1,2
sample_05001.png,0_1_2,3
sample_05013.png,0_1_-1,2
sample_05011.png,0_1_2,3
sample_05010.png,0_1_2,3
sample_05014.png,0_1_-1,2
sample_05015.png,0_1_-1,2
sample_05009.png,0_1_2,3
sample_05018.png,0_1_-1,2
sample_05019.png,0_1_-1,2
sample_05025.png,0_1_-1,2
sample_05024.png,0_1_-1,2
sample_05016.png,0_1_2,3
sample_05021.png,0_1_2,3
sample_05027.png,0_1_-1,2
sample_05020.png,0_1_2,3
sample_05029.png,0_1_-1,2
sample_05022.png,0_1_2,3
sample_05030.png,0_1_-1,2
sample_05023.png,0_1_2,3
sample_05026.png,0_1_2,3
sample_05017.png,0_1_2,3
sample_05032.png,0_1_-1,2
sample_05028.png,0_1_2,3
sample_05035.png,0_1_-1,2
sample_05034.png,0_1_2,3
sample_05031.png,0_1_2,3
sample_05039.png,0_1_-1,2
sample_05036.png,0_1_2,3
sample_05033.png,0_1_2,3
sample_05037.png,0_1_2,3
sample_05044.png,0_1_-1,2
sample_05043.png,0_1_-1,2
sample_05042.png,0_1_-1,2
sample_05046.png,0_1_-1,2
sample_05045.png,0_1_-1,2
sample_05038.png,0_1_2,3
sample_05049.png,0_1_-1,2
sample_05041.png,0_1_2,3
sample_05051.png,0_1_-1,2
sample_05052.png,0_1_-1,2
sample_05040.png,0_1_2,3
sample_05047.png,0_1_2,3
sample_05048.png,0_1_2,3
sample_05055.png,0_1_-1,2
sample_05056.png,0_1_-1,2
sample_05057.png,0_1_-1,2
sample_05050.png,0_1_2,3
sample_05059.png,0_1_-1,2
sample_05061.png,0_1_-1,2
sample_05060.png,0_1_-1,2
sample_05053.png,0_1_2,3
sample_05054.png,0_1_2,3
sample_05066.png,0_1_-1,2
sample_05065.png,0_1_-1,2
sample_05058.png,0_1_2,3
sample_05068.png,0_1_-1,2
sample_05070.png,0_1_-1,2
sample_05064.png,0_1_2,3
sample_05062.png,0_1_2,3
sample_05063.png,0_1_2,3
sample_05073.png,0_1_-1,2
sample_05067.png,0_1_2,3
sample_05069.png,0_1_2,3
sample_05076.png,0_1_-1,2
sample_05071.png,0_1_-1,2
sample_05078.png,0_1_-1,2
sample_05072.png,0_1_2,3
sample_05079.png,0_1_-1,2
sample_05080.png,0_1_-1,2
sample_05082.png,0_1_-1,2
sample_05077.png,0_1_2,3
sample_05075.png,0_1_2,3
sample_05083.png,0_1_-1,2
sample_05074.png,0_1_2,3
sample_05086.png,0_1_-1,2
sample_05087.png,0_1_-1,2
sample_05081.png,0_1_2,3
sample_05091.png,0_1_-1,2
sample_05092.png,0_1_-1,2
sample_05084.png,0_1_2,3
sample_05085.png,0_1_2,3
sample_05094.png,0_1_-1,2
sample_05095.png,0_1_-1,2
sample_05093.png,0_1_2,3
sample_05097.png,0_1_-1,2
sample_05088.png,0_1_2,3
sample_05099.png,0_1_-1,2
sample_05102.png,0_1_-1,2
sample_05096.png,0_1_2,3
sample_05090.png,0_1_2,3
sample_05103.png,0_1_-1,2
sample_05098.png,0_1_2,3
sample_05104.png,0_1_-1,2
sample_05100.png,0_1_2,3
sample_05101.png,0_1_2,3
sample_05107.png,0_1_-1,2
sample_05106.png,0_1_-1,2
sample_05109.png,0_1_-1,2
sample_05089.png,0_1_2,3
sample_05110.png,0_1_-1,2
sample_05111.png,0_1_-1,2
sample_05105.png,0_1_2,3
sample_05108.png,0_1_2,3
sample_05114.png,0_1_-1,2
sample_05113.png,0_1_-1,2
sample_05115.png,0_1_-1,2
sample_05118.png,0_1_-1,2
sample_05112.png,0_1_2,3
sample_05119.png,0_1_-1,2
sample_05120.png,0_1_-1,2
sample_05122.png,0_1_-1,2
sample_05116.png,0_1_2,3
sample_05125.png,0_1_-1,2
sample_05124.png,0_1_-1,2
sample_05117.png,0_1_2,3
sample_05121.png,0_1_2,3
sample_05123.png,0_1_2,3
sample_05127.png,0_1_-1,2
sample_05126.png,0_1_-1,2
sample_05131.png,0_1_-1,2
sample_05132.png,0_1_-1,2
sample_05133.png,0_1_-1,2
sample_05134.png,0_1_-1,2
sample_05129.png,0_1_2,3
sample_05130.png,0_1_2,3
sample_05135.png,0_1_-1,2
sample_05136.png,0_1_-1,2
sample_05138.png,0_1_-1,2
sample_05139.png,0_1_-1,2
sample_05128.png,0_1_2,3
sample_05137.png,0_1_2,3
sample_05140.png,0_1_2,3
sample_05144.png,0_1_-1,2
sample_05146.png,0_1_-1,2
sample_05141.png,0_1_2,3
sample_05143.png,0_1_2,3
sample_05142.png,0_1_2,3
sample_05150.png,0_1_-1,2
sample_05145.png,0_1_2,3
sample_05153.png,0_1_-1,2
sample_05147.png,0_1_2,3
sample_05149.png,0_1_2,3
sample_05157.png,0_1_-1,2
sample_05156.png,0_1_-1,2
sample_05148.png,0_1_2,3
sample_05155.png,0_1_2,3
sample_05151.png,0_1_2,3
sample_05154.png,0_1_2,3
sample_05152.png,0_1_2,3
sample_05158.png,0_1_2,3
sample_05160.png,0_1_-1,2
sample_05159.png,0_1_-1,2
sample_05165.png,0_1_-1,2
sample_05161.png,0_1_-1,2
sample_05168.png,0_1_-1,2
sample_05166.png,0_1_-1,2
sample_05169.png,0_1_-1,2
sample_05162.png,0_1_-1,2
sample_05163.png,0_1_2,3
sample_05164.png,0_1_2,3
sample_05167.png,0_1_2,3
sample_05176.png,0_1_-1,2
sample_05177.png,0_1_-1,2
sample_05175.png,0_1_-1,2
sample_05170.png,0_1_2,3
sample_05171.png,0_1_2,3
sample_05173.png,0_1_2,3
sample_05172.png,0_1_2,3
sample_05181.png,0_1_-1,2
sample_05174.png,0_1_2,3
sample_05178.png,0_1_2,3
sample_05182.png,0_1_-1,2
sample_05179.png,0_1_2,3
sample_05180.png,0_1_2,3
sample_05186.png,0_1_-1,2
sample_05188.png,0_1_-1,2
sample_05189.png,0_1_-1,2
sample_05183.png,0_1_2,3
sample_05191.png,0_1_-1,2
sample_05184.png,0_1_2,3
sample_05185.png,0_1_2,3
sample_05187.png,0_1_2,3
sample_05190.png,0_1_-1,2
sample_05195.png,0_1_-1,2
sample_05194.png,0_1_2,3
sample_05192.png,0_1_2,3
sample_05199.png,0_1_-1,2
sample_05193.png,0_1_2,3
sample_05197.png,0_1_2,3
sample_05201.png,0_1_-1,2
sample_05198.png,0_1_2,3
sample_05204.png,0_1_-1,2
sample_05206.png,0_1_-1,2
sample_05196.png,0_1_2,3
sample_05200.png,0_1_2,3
sample_05207.png,0_1_-1,2
sample_05203.png,0_1_2,3
sample_05202.png,0_1_2,3
sample_05210.png,0_1_-1,2
sample_05211.png,0_1_-1,2
sample_05208.png,0_1_-1,2
sample_05205.png,0_1_2,3
sample_05209.png,0_1_2,3
sample_05213.png,0_1_-1,2
sample_05212.png,0_1_2,3
sample_05216.png,0_1_-1,2
sample_05218.png,0_1_-1,2
sample_05219.png,0_1_-1,2
sample_05224.png,0_1_-1,2
sample_05223.png,0_1_-1,2
sample_05222.png,0_1_-1,2
sample_05227.png,0_1_-1,2
sample_05217.png,0_1_2,3
sample_05214.png,0_1_2,3
sample_05225.png,0_1_-1,2
sample_05215.png,0_1_2,3
sample_05221.png,0_1_2,3
sample_05226.png,0_1_2,3
sample_05229.png,0_1_2,3
sample_05228.png,0_1_2,3
sample_05233.png,0_1_-1,2
sample_05235.png,0_1_-1,2
sample_05230.png,0_1_2,3
sample_05231.png,0_1_2,3
sample_05220.png,0_1_2,3
sample_05232.png,0_1_2,3
sample_05234.png,0_1_2,3
sample_05242.png,0_1_-1,2
sample_05238.png,0_1_-1,2
sample_05240.png,0_1_-1,2
sample_05237.png,0_1_-1,2
sample_05236.png,0_1_2,3
sample_05243.png,0_1_-1,2
sample_05248.png,0_1_-1,2
sample_05244.png,0_1_2,3
sample_05241.png,0_1_2,3
sample_05247.png,0_1_-1,2
sample_05239.png,0_1_2,3
sample_05245.png,0_1_2,3
sample_05254.png,0_1_-1,2
sample_05246.png,0_1_2,3
sample_05249.png,0_1_2,3
sample_05257.png,0_1_-1,2
sample_05250.png,0_1_2,3
sample_05252.png,0_1_2,3
sample_05259.png,0_1_-1,2
sample_05253.png,0_1_2,3
sample_05255.png,0_1_2,3
sample_05261.png,0_1_-1,2
sample_05266.png,0_1_-1,2
sample_05264.png,0_1_-1,2
sample_05251.png,0_1_2,3
sample_05260.png,0_1_2,3
sample_05256.png,0_1_2,3
sample_05258.png,0_1_2,3
sample_05267.png,0_1_-1,2
sample_05265.png,0_1_2,3
sample_05263.png,0_1_2,3
sample_05262.png,0_1_2,3
sample_05271.png,0_1_-1,2
sample_05272.png,0_1_-1,2
sample_05274.png,0_1_-1,2
sample_05269.png,0_1_2,3
sample_05268.png,0_1_2,3
sample_05270.png,0_1_2,3
sample_05273.png,0_1_-1,2
sample_05277.png,0_1_-1,2
sample_05275.png,0_1_2,3
sample_05278.png,0_1_-1,2
sample_05281.png,0_1_-1,2
sample_05282.png,0_1_-1,2
sample_05283.png,0_1_-1,2
sample_05280.png,0_1_-1,2
sample_05276.png,0_1_2,3
sample_05292.png,0_1_-1,2
sample_05279.png,0_1_2,3
sample_05285.png,0_1_-1,2
sample_05286.png,0_1_2,3
sample_05287.png,0_1_2,3
sample_05294.png,0_1_-1,2
sample_05289.png,0_1_2,3
sample_05284.png,0_1_2,3
sample_05288.png,0_1_2,3
sample_05296.png,0_1_-1,2
sample_05291.png,0_1_2,3
sample_05297.png,0_1_-1,2
sample_05290.png,0_1_2,3
sample_05300.png,0_1_-1,2
sample_05301.png,0_1_-1,2
sample_05295.png,0_1_2,3
sample_05293.png,0_1_2,3
sample_05299.png,0_1_2,3
sample_05298.png,0_1_2,3
sample_05303.png,0_1_-1,2
sample_05302.png,0_1_2,3
sample_05306.png,0_1_-1,2
sample_05309.png,0_1_-1,2
sample_05308.png,0_1_-1,2
sample_05310.png,0_1_-1,2
sample_05312.png,0_1_-1,2
sample_05304.png,0_1_2,3
sample_05307.png,0_1_2,3
sample_05316.png,0_1_-1,2
sample_05319.png,0_1_-1,2
sample_05305.png,0_1_2,3
sample_05313.png,0_1_2,3
sample_05311.png,0_1_2,3
sample_05314.png,0_1_2,3
sample_05322.png,0_1_-1,2
sample_05321.png,0_1_-1,2
sample_05324.png,0_1_-1,2
sample_05317.png,0_1_2,3
sample_05318.png,0_1_2,3
sample_05315.png,0_1_2,3
sample_05326.png,0_1_-1,2
sample_05320.png,0_1_2,3
sample_05323.png,0_1_2,3
sample_05325.png,0_1_2,3
sample_05327.png,0_1_2,3
sample_05328.png,0_1_2,3
sample_05332.png,0_1_-1,2
sample_05330.png,0_1_2,3
sample_05333.png,0_1_-1,2
sample_05329.png,0_1_2,3
sample_05336.png,0_1_-1,2
sample_05337.png,0_1_-1,2
sample_05338.png,0_1_-1,2
sample_05341.png,0_1_-1,2
sample_05334.png,0_1_2,3
sample_05331.png,0_1_2,3
sample_05339.png,0_1_-1,2
sample_05340.png,0_1_-1,2
sample_05335.png,0_1_2,3
sample_05344.png,0_1_-1,2
sample_05342.png,0_1_2,3
sample_05347.png,0_1_-1,2
sample_05348.png,0_1_-1,2
sample_05343.png,0_1_2,3
sample_05349.png,0_1_-1,2
sample_05345.png,0_1_2,3
sample_05346.png,0_1_2,3
sample_05355.png,0_1_-1,2
sample_05359.png,0_1_-1,2
sample_05358.png,0_1_-1,2
sample_05351.png,0_1_2,3
sample_05360.png,0_1_-1,2
sample_05350.png,0_1_2,3
sample_05354.png,0_1_2,3
sample_05362.png,0_1_-1,2
sample_05361.png,0_1_-1,2
sample_05353.png,0_1_2,3
sample_05357.png,0_1_2,3
sample_05356.png,0_1_2,3
sample_05352.png,0_1_2,3
sample_05365.png,0_1_-1,2
sample_05363.png,0_1_2,3
sample_05369.png,0_1_-1,2
sample_05366.png,0_1_2,3
sample_05364.png,0_1_2,3
sample_05372.png,0_1_-1,2
sample_05373.png,0_1_-1,2
sample_05371.png,0_1_-1,2
sample_05374.png,0_1_-1,2
sample_05368.png,0_1_2,3
sample_05367.png,0_1_2,3
sample_05377.png,0_1_-1,2
sample_05375.png,0_1_2,3
sample_05382.png,0_1_-1,2
sample_05370.png,0_1_2,3
sample_05379.png,0_1_2,3
sample_05380.png,0_1_2,3
sample_05378.png,0_1_2,3
sample_05376.png,0_1_2,3
sample_05381.png,0_1_2,3
sample_05386.png,0_1_-1,2
sample_05383.png,0_1_2,3
sample_05389.png,0_1_-1,2
sample_05390.png,0_1_-1,2
sample_05384.png,0_1_2,3
sample_05385.png,0_1_2,3
sample_05393.png,0_1_-1,2
sample_05387.png,0_1_2,3
sample_05388.png,0_1_2,3
sample_05394.png,0_1_-1,2
sample_05396.png,0_1_-1,2
sample_05395.png,0_1_-1,2
sample_05391.png,0_1_2,3
sample_05399.png,0_1_-1,2
sample_05401.png,0_1_-1,2
sample_05392.png,0_1_2,3
sample_05397.png,0_1_2,3
sample_05404.png,0_1_-1,2
sample_05405.png,0_1_-1,2
sample_05406.png,0_1_-1,2
sample_05398.png,0_1_2,3
sample_05402.png,0_1_2,3
sample_05403.png,0_1_2,3
sample_05400.png,0_1_2,3
sample_05409.png,0_1_-1,2
sample_05411.png,0_1_-1,2
sample_05413.png,0_1_-1,2
sample_05415.png,0_1_-1,2
sample_05412.png,0_1_-1,2
sample_05407.png,0_1_2,3
sample_05414.png,0_1_-1,2
sample_05408.png,0_1_2,3
sample_05419.png,0_1_-1,2
sample_05410.png,0_1_2,3
sample_05418.png,0_1_-1,2
sample_05416.png,0_1_2,3
sample_05417.png,0_1_2,3
sample_05423.png,0_1_-1,2
sample_05424.png,0_1_-1,2
sample_05420.png,0_1_2,3
sample_05425.png,0_1_-1,2
sample_05426.png,0_1_-1,2
sample_05422.png,0_1_2,3
sample_05432.png,0_1_-1,2
sample_05421.png,0_1_2,3
sample_05434.png,0_1_-1,2
sample_05436.png,0_1_-1,2
sample_05428.png,0_1_2,3
sample_05427.png,0_1_2,3
sample_05431.png,0_1_2,3
sample_05433.png,0_1_2,3
sample_05429.png,0_1_2,3
sample_05430.png,0_1_2,3
sample_05438.png,0_1_-1,2
sample_05440.png,0_1_-1,2
sample_05435.png,0_1_2,3
sample_05437.png,0_1_2,3
sample_05443.png,0_1_-1,2
sample_05442.png,0_1_-1,2
sample_05445.png,0_1_-1,2
sample_05439.png,0_1_2,3
sample_05447.png,0_1_-1,2
sample_05441.png,0_1_2,3
sample_05448.png,0_1_-1,2
sample_05444.png,0_1_2,3
sample_05446.png,0_1_2,3
sample_05451.png,0_1_-1,2
sample_05454.png,0_1_-1,2
sample_05457.png,0_1_-1,2
sample_05449.png,0_1_2,3
sample_05450.png,0_1_2,3
sample_05452.png,0_1_2,3
sample_05456.png,0_1_-1,2
sample_05459.png,0_1_-1,2
sample_05455.png,0_1_2,3
sample_05462.png,0_1_-1,2
sample_05463.png,0_1_-1,2
sample_05453.png,0_1_2,3
sample_05464.png,0_1_-1,2
sample_05460.png,0_1_2,3
sample_05461.png,0_1_2,3
sample_05468.png,0_1_-1,2
sample_05458.png,0_1_2,3
sample_05469.png,0_1_-1,2
sample_05470.png,0_1_-1,2
sample_05465.png,0_1_2,3
sample_05467.png,0_1_2,3
sample_05466.png,0_1_2,3
sample_05471.png,0_1_-1,2
sample_05472.png,0_1_-1,2
sample_05476.png,0_1_-1,2
sample_05475.png,0_1_-1,2
sample_05478.png,0_1_-1,2
sample_05481.png,0_1_-1,2
sample_05474.png,0_1_2,3
sample_05480.png,0_1_-1,2
sample_05477.png,0_1_2,3
sample_05482.png,0_1_-1,2
sample_05484.png,0_1_-1,2
sample_05473.png,0_1_2,3
sample_05479.png,0_1_2,3
sample_05485.png,0_1_-1,2
sample_05483.png,0_1_2,3
sample_05492.png,0_1_-1,2
sample_05486.png,0_1_2,3
sample_05487.png,0_1_2,3
sample_05490.png,0_1_2,3
sample_05489.png,0_1_2,3
sample_05491.png,0_1_2,3
sample_05494.png,0_1_2,3
sample_05488.png,0_1_2,3
sample_05495.png,0_1_-1,2
sample_05496.png,0_1_-1,2
sample_05501.png,0_1_-1,2
sample_05502.png,0_1_-1,2
sample_05500.png,0_1_-1,2
sample_05503.png,0_1_-1,2
sample_05504.png,0_1_-1,2
sample_05498.png,0_1_2,3
sample_05493.png,0_1_2,3
sample_05506.png,0_1_-1,2
sample_05505.png,0_1_-1,2
sample_05497.png,0_1_2,3
sample_05499.png,0_1_2,3
sample_05510.png,0_1_-1,2
sample_05511.png,0_1_-1,2
sample_05512.png,0_1_-1,2
sample_05513.png,0_1_-1,2
sample_05509.png,0_1_-1,2
sample_05508.png,0_1_2,3
sample_05514.png,0_1_-1,2
sample_05515.png,0_1_-1,2
sample_05516.png,0_1_-1,2
sample_05518.png,0_1_-1,2
sample_05507.png,0_1_2,3
sample_05517.png,0_1_-1,2
sample_05523.png,0_1_-1,2
sample_05524.png,0_1_-1,2
sample_05519.png,0_1_2,3
sample_05525.png,0_1_-1,2
sample_05520.png,0_1_2,3
sample_05526.png,0_1_-1,2
sample_05521.png,0_1_2,3
sample_05522.png,0_1_2,3
sample_05530.png,0_1_-1,2
sample_05529.png,0_1_-1,2
sample_05537.png,0_1_-1,2
sample_05528.png,0_1_2,3
sample_05527.png,0_1_2,3
sample_05533.png,0_1_2,3
sample_05531.png,0_1_2,3
sample_05532.png,0_1_2,3
sample_05534.png,0_1_2,3
sample_05536.png,0_1_2,3
sample_05542.png,0_1_-1,2
sample_05538.png,0_1_2,3
sample_05543.png,0_1_-1,2
sample_05535.png,0_1_2,3
sample_05546.png,0_1_-1,2
sample_05541.png,0_1_2,3
sample_05539.png,0_1_2,3
sample_05548.png,0_1_-1,2
sample_05540.png,0_1_2,3
sample_05544.png,0_1_2,3
sample_05545.png,0_1_2,3
sample_05549.png,0_1_2,3
sample_05559.png,0_1_-1,2
sample_05557.png,0_1_-1,2
sample_05547.png,0_1_2,3
sample_05561.png,0_1_-1,2
sample_05554.png,0_1_2,3
sample_05552.png,0_1_2,3
sample_05555.png,0_1_2,3
sample_05556.png,0_1_-1,2
sample_05553.png,0_1_2,3
sample_05550.png,0_1_2,3
sample_05551.png,0_1_2,3
sample_05558.png,0_1_2,3
sample_05560.png,0_1_2,3
sample_05563.png,0_1_2,3
sample_05564.png,0_1_2,3
sample_05562.png,0_1_2,3
sample_05565.png,0_1_2,3
sample_05568.png,0_1_-1,2
sample_05566.png,0_1_2,3
sample_05570.png,0_1_-1,2
sample_05571.png,0_1_-1,2
sample_05578.png,0_1_-1,2
sample_05576.png,0_1_-1,2
sample_05573.png,0_1_-1,2
sample_05577.png,0_1_-1,2
sample_05569.png,0_1_2,3
sample_05567.png,0_1_2,3
sample_05581.png,0_1_-1,2
sample_05574.png,0_1_2,3
sample_05572.png,0_1_2,3
sample_05575.png,0_1_2,3
sample_05580.png,0_1_2,3
sample_05585.png,0_1_-1,2
sample_05579.png,0_1_2,3
sample_05587.png,0_1_-1,2
sample_05582.png,0_1_2,3
sample_05583.png,0_1_2,3
sample_05584.png,0_1_2,3
sample_05586.png,0_1_2,3
sample_05592.png,0_1_-1,2
sample_05593.png,0_1_-1,2
sample_05588.png,0_1_2,3
sample_05589.png,0_1_2,3
sample_05596.png,0_1_-1,2
sample_05599.png,0_1_-1,2
sample_05590.png,0_1_2,3
sample_05597.png,0_1_-1,2
sample_05591.png,0_1_2,3
sample_05594.png,0_1_2,3
sample_05601.png,0_1_-1,2
sample_05595.png,0_1_2,3
sample_05602.png,0_1_-1,2
sample_05598.png,0_1_2,3
sample_05605.png,0_1_-1,2
sample_05600.png,0_1_2,3
sample_05609.png,0_1_-1,2
sample_05604.png,0_1_2,3
sample_05613.png,0_1_-1,2
sample_05606.png,0_1_2,3
sample_05614.png,0_1_-1,2
sample_05612.png,0_1_-1,2
sample_05607.png,0_1_2,3
sample_05616.png,0_1_-1,2
sample_05608.png,0_1_2,3
sample_05615.png,0_1_-1,2
sample_05603.png,0_1_2,3
sample_05610.png,0_1_2,3
sample_05617.png,0_1_-1,2
sample_05611.png,0_1_2,3
sample_05621.png,0_1_-1,2
sample_05622.png,0_1_-1,2
sample_05619.png,0_1_2,3
sample_05620.png,0_1_2,3
sample_05618.png,0_1_2,3
sample_05625.png,0_1_-1,2
sample_05629.png,0_1_-1,2
sample_05634.png,0_1_-1,2
sample_05631.png,0_1_-1,2
sample_05630.png,0_1_-1,2
sample_05626.png,0_1_-1,2
sample_05623.png,0_1_2,3
sample_05632.png,0_1_-1,2
sample_05628.png,0_1_-1,2
sample_05624.png,0_1_2,3
sample_05633.png,0_1_2,3
sample_05635.png,0_1_2,3
sample_05636.png,0_1_2,3
sample_05637.png,0_1_2,3
sample_05627.png,0_1_2,3
sample_05638.png,0_1_2,3
sample_05639.png,0_1_2,3
sample_05645.png,0_1_-1,2
sample_05643.png,0_1_-1,2
sample_05640.png,0_1_2,3
sample_05650.png,0_1_-1,2
sample_05648.png,0_1_-1,2
sample_05641.png,0_1_2,3
sample_05651.png,0_1_-1,2
sample_05642.png,0_1_2,3
sample_05644.png,0_1_2,3
sample_05652.png,0_1_-1,2
sample_05646.png,0_1_2,3
sample_05647.png,0_1_2,3
sample_05653.png,0_1_-1,2
sample_05649.png,0_1_2,3
sample_05654.png,0_1_-1,2
sample_05657.png,0_1_-1,2
sample_05661.png,0_1_-1,2
sample_05659.png,0_1_-1,2
sample_05658.png,0_1_-1,2
sample_05655.png,0_1_2,3
sample_05663.png,0_1_-1,2
sample_05667.png,0_1_-1,2
sample_05656.png,0_1_2,3
sample_05664.png,0_1_-1,2
sample_05668.png,0_1_-1,2
sample_05660.png,0_1_2,3
sample_05662.png,0_1_2,3
sample_05666.png,0_1_2,3
sample_05665.png,0_1_2,3
sample_05673.png,0_1_-1,2
sample_05672.png,0_1_-1,2
sample_05675.png,0_1_-1,2
sample_05669.png,0_1_2,3
sample_05671.png,0_1_2,3
sample_05670.png,0_1_2,3
sample_05676.png,0_1_-1,2
sample_05679.png,0_1_-1,2
sample_05682.png,0_1_-1,2
sample_05681.png,0_1_-1,2
sample_05680.png,0_1_-1,2
sample_05683.png,0_1_-1,2
sample_05677.png,0_1_2,3
sample_05678.png,0_1_2,3
sample_05674.png,0_1_2,3
sample_05687.png,0_1_-1,2
sample_05685.png,0_1_-1,2
sample_05689.png,0_1_-1,2
sample_05684.png,0_1_2,3
sample_05691.png,0_1_-1,2
sample_05693.png,0_1_-1,2
sample_05686.png,0_1_2,3
sample_05694.png,0_1_-1,2
sample_05690.png,0_1_2,3
sample_05688.png,0_1_2,3
sample_05695.png,0_1_-1,2
sample_05697.png,0_1_-1,2
sample_05700.png,0_1_-1,2
sample_05705.png,0_1_-1,2
sample_05698.png,0_1_2,3
sample_05696.png,0_1_2,3
sample_05703.png,0_1_-1,2
sample_05702.png,0_1_2,3
sample_05699.png,0_1_2,3
sample_05701.png,0_1_2,3
sample_05692.png,0_1_2,3
sample_05704.png,0_1_2,3
sample_05709.png,0_1_-1,2
sample_05711.png,0_1_-1,2
sample_05706.png,0_1_2,3
sample_05713.png,0_1_-1,2
sample_05708.png,0_1_2,3
sample_05707.png,0_1_2,3
sample_05710.png,0_1_2,3
sample_05712.png,0_1_2,3
sample_05716.png,0_1_-1,2
sample_05715.png,0_1_-1,2
sample_05714.png,0_1_2,3
sample_05719.png,0_1_-1,2
sample_05720.png,0_1_-1,2
sample_05721.png,0_1_-1,2
sample_05722.png,0_1_-1,2
sample_05725.png,0_1_-1,2
sample_05718.png,0_1_2,3
sample_05717.png,0_1_2,3
sample_05724.png,0_1_-1,2
sample_05729.png,0_1_-1,2
sample_05728.png,0_1_-1,2
sample_05723.png,0_1_2,3
sample_05730.png,0_1_-1,2
sample_05732.png,0_1_-1,2
sample_05726.png,0_1_2,3
sample_05731.png,0_1_-1,2
sample_05727.png,0_1_2,3
sample_05738.png,0_1_-1,2
sample_05739.png,0_1_-1,2
sample_05734.png,0_1_2,3
sample_05736.png,0_1_2,3
sample_05740.png,0_1_-1,2
sample_05735.png,0_1_2,3
sample_05742.png,0_1_-1,2
sample_05741.png,0_1_-1,2
sample_05745.png,0_1_-1,2
sample_05733.png,0_1_2,3
sample_05746.png,0_1_-1,2
sample_05747.png,0_1_-1,2
sample_05737.png,0_1_2,3
sample_05743.png,0_1_2,3
sample_05744.png,0_1_2,3
sample_05751.png,0_1_-1,2
sample_05750.png,0_1_2,3
sample_05749.png,0_1_2,3
sample_05748.png,0_1_2,3
sample_05756.png,0_1_-1,2
sample_05754.png,0_1_-1,2
sample_05759.png,0_1_-1,2
sample_05760.png,0_1_-1,2
sample_05752.png,0_1_2,3
sample_05753.png,0_1_2,3
sample_05764.png,0_1_-1,2
sample_05755.png,0_1_2,3
sample_05758.png,0_1_2,3
sample_05757.png,0_1_2,3
sample_05767.png,0_1_-1,2
sample_05763.png,0_1_2,3
sample_05761.png,0_1_2,3
sample_05762.png,0_1_2,3
sample_05766.png,0_1_2,3
sample_05765.png,0_1_2,3
sample_05771.png,0_1_-1,2
sample_05768.png,0_1_2,3
sample_05774.png,0_1_-1,2
sample_05769.png,0_1_2,3
sample_05777.png,0_1_-1,2
sample_05772.png,0_1_2,3
sample_05773.png,0_1_2,3
sample_05770.png,0_1_2,3
sample_05775.png,0_1_2,3
sample_05783.png,0_1_-1,2
sample_05776.png,0_1_2,3
sample_05785.png,0_1_-1,2
sample_05778.png,0_1_2,3
sample_05779.png,0_1_2,3
sample_05780.png,0_1_2,3
sample_05781.png,0_1_2,3
sample_05786.png,0_1_-1,2
sample_05782.png,0_1_2,3
sample_05784.png,0_1_2,3
sample_05790.png,0_1_-1,2
sample_05791.png,0_1_-1,2
sample_05787.png,0_1_2,3
sample_05788.png,0_1_2,3
sample_05789.png,0_1_2,3
sample_05795.png,0_1_-1,2
sample_05799.png,0_1_-1,2
sample_05798.png,0_1_-1,2
sample_05800.png,0_1_-1,2
sample_05792.png,0_1_2,3
sample_05793.png,0_1_2,3
sample_05801.png,0_1_-1,2
sample_05794.png,0_1_2,3
sample_05802.png,0_1_-1,2
sample_05804.png,0_1_-1,2
sample_05806.png,0_1_-1,2
sample_05797.png,0_1_2,3
sample_05807.png,0_1_-1,2
sample_05805.png,0_1_2,3
sample_05796.png,0_1_2,3
sample_05811.png,0_1_-1,2
sample_05810.png,0_1_-1,2
sample_05808.png,0_1_2,3
sample_05809.png,0_1_2,3
sample_05803.png,0_1_2,3
sample_05818.png,0_1_-1,2
sample_05813.png,0_1_-1,2
sample_05820.png,0_1_-1,2
sample_05812.png,0_1_2,3
sample_05819.png,0_1_-1,2
sample_05821.png,0_1_-1,2
sample_05816.png,0_1_2,3
sample_05815.png,0_1_2,3
sample_05817.png,0_1_2,3
sample_05814.png,0_1_2,3
sample_05823.png,0_1_-1,2
sample_05826.png,0_1_-1,2
sample_05827.png,0_1_-1,2
sample_05822.png,0_1_2,3
sample_05825.png,0_1_-1,2
sample_05828.png,0_1_-1,2
sample_05824.png,0_1_2,3
sample_05831.png,0_1_-1,2
sample_05829.png,0_1_-1,2
sample_05835.png,0_1_-1,2
sample_05833.png,0_1_-1,2
sample_05830.png,0_1_2,3
sample_05832.png,0_1_2,3
sample_05834.png,0_1_2,3
sample_05839.png,0_1_-1,2
sample_05840.png,0_1_-1,2
sample_05836.png,0_1_2,3
sample_05843.png,0_1_-1,2
sample_05845.png,0_1_-1,2
sample_05837.png,0_1_2,3
sample_05846.png,0_1_-1,2
sample_05844.png,0_1_2,3
sample_05838.png,0_1_2,3
sample_05841.png,0_1_2,3
sample_05842.png,0_1_2,3
sample_05847.png,0_1_2,3
sample_05850.png,0_1_2,3
sample_05848.png,0_1_2,3
sample_05849.png,0_1_2,3
sample_05853.png,0_1_-1,2
sample_05854.png,0_1_-1,2
sample_05857.png,0_1_-1,2
sample_05851.png,0_1_2,3
sample_05852.png,0_1_2,3
sample_05861.png,0_1_-1,2
sample_05855.png,0_1_2,3
sample_05859.png,0_1_2,3
sample_05862.png,0_1_2,3
sample_05860.png,0_1_2,3
sample_05858.png,0_1_2,3
sample_05869.png,0_1_-1,2
sample_05863.png,0_1_2,3
sample_05864.png,0_1_2,3
sample_05865.png,0_1_2,3
sample_05866.png,0_1_2,3
sample_05867.png,0_1_2,3
sample_05856.png,0_1_2,3
sample_05868.png,0_1_2,3
sample_05870.png,0_1_2,3
sample_05876.png,0_1_-1,2
sample_05871.png,0_1_2,3
sample_05872.png,0_1_2,3
sample_05873.png,0_1_2,3
sample_05874.png,0_1_2,3
sample_05875.png,0_1_2,3
sample_05879.png,0_1_-1,2
sample_05877.png,0_1_2,3
sample_05883.png,0_1_-1,2
sample_05884.png,0_1_-1,2
sample_05885.png,0_1_-1,2
sample_05886.png,0_1_-1,2
sample_05878.png,0_1_2,3
sample_05887.png,0_1_-1,2
sample_05880.png,0_1_2,3
sample_05881.png,0_1_2,3
sample_05882.png,0_1_2,3
sample_05889.png,0_1_-1,2
sample_05890.png,0_1_-1,2
sample_05888.png,0_1_-1,2
sample_05893.png,0_1_-1,2
sample_05896.png,0_1_-1,2
sample_05892.png,0_1_2,3
sample_05891.png,0_1_2,3
sample_05894.png,0_1_2,3
sample_05898.png,0_1_-1,2
sample_05895.png,0_1_2,3
sample_05903.png,0_1_-1,2
sample_05901.png,0_1_-1,2
sample_05900.png,0_1_-1,2
sample_05902.png,0_1_-1,2
sample_05899.png,0_1_2,3
sample_05907.png,0_1_-1,2
sample_05897.png,0_1_2,3
sample_05910.png,0_1_-1,2
sample_05904.png,0_1_2,3
sample_05905.png,0_1_2,3
sample_05911.png,0_1_-1,2
sample_05906.png,0_1_2,3
sample_05909.png,0_1_2,3
sample_05908.png,0_1_2,3
sample_05913.png,0_1_-1,2
sample_05915.png,0_1_-1,2
sample_05916.png,0_1_-1,2
sample_05917.png,0_1_-1,2
sample_05918.png,0_1_-1,2
sample_05912.png,0_1_2,3
sample_05919.png,0_1_-1,2
sample_05920.png,0_1_-1,2
sample_05914.png,0_1_2,3
sample_05923.png,0_1_-1,2
sample_05922.png,0_1_-1,2
sample_05921.png,0_1_2,3
sample_05925.png,0_1_-1,2
sample_05928.png,0_1_-1,2
sample_05929.png,0_1_-1,2
sample_05930.png,0_1_-1,2
sample_05924.png,0_1_2,3
sample_05931.png,0_1_-1,2
sample_05927.png,0_1_2,3
sample_05926.png,0_1_2,3
sample_05935.png,0_1_-1,2
sample_05936.png,0_1_-1,2
sample_05938.png,0_1_-1,2
sample_05939.png,0_1_-1,2
sample_05940.png,0_1_-1,2
sample_05932.png,0_1_2,3
sample_05933.png,0_1_2,3
sample_05942.png,0_1_-1,2
sample_05934.png,0_1_2,3
sample_05944.png,0_1_-1,2
sample_05945.png,0_1_-1,2
sample_05937.png,0_1_2,3
sample_05947.png,0_1_-1,2
sample_05941.png,0_1_2,3
sample_05951.png,0_1_-1,2
sample_05943.png,0_1_2,3
sample_05948.png,0_1_2,3
sample_05952.png,0_1_-1,2
sample_05949.png,0_1_2,3
sample_05946.png,0_1_2,3
sample_05954.png,0_1_-1,2
sample_05956.png,0_1_-1,2
sample_05950.png,0_1_2,3
sample_05959.png,0_1_-1,2
sample_05961.png,0_1_-1,2
sample_05958.png,0_1_2,3
sample_05957.png,0_1_2,3
sample_05953.png,0_1_2,3
sample_05955.png,0_1_2,3
sample_05960.png,0_1_2,3
sample_05965.png,0_1_-1,2
sample_05962.png,0_1_2,3
sample_05969.png,0_1_-1,2
sample_05968.png,0_1_-1,2
sample_05972.png,0_1_-1,2
sample_05964.png,0_1_2,3
sample_05963.png,0_1_2,3
sample_05974.png,0_1_-1,2
sample_05973.png,0_1_-1,2
sample_05966.png,0_1_2,3
sample_05967.png,0_1_2,3
sample_05970.png,0_1_2,3
sample_05975.png,0_1_-1,2
sample_05971.png,0_1_2,3
sample_05976.png,0_1_-1,2
sample_05977.png,0_1_-1,2
sample_05979.png,0_1_-1,2
sample_05985.png,0_1_-1,2
sample_05978.png,0_1_2,3
sample_05984.png,0_1_-1,2
sample_05987.png,0_1_-1,2
sample_05988.png,0_1_-1,2
sample_05980.png,0_1_2,3
sample_05982.png,0_1_2,3
sample_05981.png,0_1_2,3
sample_05991.png,0_1_-1,2
sample_05990.png,0_1_-1,2
sample_05983.png,0_1_2,3
sample_05989.png,0_1_-1,2
sample_05992.png,0_1_-1,2
sample_05993.png,0_1_-1,2
sample_05986.png,0_1_2,3
sample_05994.png,0_1_-1,2
sample_05998.png,0_1_-1,2
sample_05996.png,0_1_2,3
sample_05995.png,0_1_2,3
sample_05997.png,0_1_2,3
sample_05999.png,0_1_-1,2
sample_06000.png,0_1_-1,2
sample_06007.png,0_1_-1,2
sample_06005.png,0_1_-1,2
sample_06006.png,0_1_-1,2
sample_06011.png,0_1_-1,2
sample_06010.png,0_1_-1,2
sample_06002.png,0_1_2,3
sample_06003.png,0_1_2,3
sample_06008.png,0_1_2,3
sample_06009.png,0_1_2,3
sample_06012.png,0_1_2,3
sample_06004.png,0_1_2,3
sample_06013.png,0_1_2,3
sample_06001.png,0_1_2,3
sample_06019.png,0_1_-1,2
sample_06017.png,0_1_-1,2
sample_06018.png,0_1_-1,2
sample_06014.png,0_1_2,3
sample_06015.png,0_1_2,3
sample_06020.png,0_1_-1,2
sample_06016.png,0_1_2,3
sample_06023.png,0_1_-1,2
sample_06025.png,0_1_-1,2
sample_06024.png,0_1_-1,2
sample_06026.png,0_1_-1,2
sample_06022.png,0_1_2,3
sample_06021.png,0_1_2,3
sample_06030.png,0_1_-1,2
sample_06027.png,0_1_2,3
sample_06033.png,0_1_-1,2
sample_06034.png,0_1_-1,2
sample_06035.png,0_1_-1,2
sample_06036.png,0_1_-1,2
sample_06029.png,0_1_2,3
sample_06038.png,0_1_-1,2
sample_06028.png,0_1_2,3
sample_06032.png,0_1_2,3
sample_06031.png,0_1_2,3
sample_06043.png,0_1_-1,2
sample_06039.png,0_1_2,3
sample_06041.png,0_1_2,3
sample_06042.png,0_1_2,3
sample_06037.png,0_1_2,3
sample_06044.png,0_1_2,3
sample_06040.png,0_1_2,3
sample_06049.png,0_1_-1,2
sample_06047.png,0_1_-1,2
sample_06046.png,0_1_2,3
sample_06054.png,0_1_-1,2
sample_06048.png,0_1_2,3
sample_06050.png,0_1_2,3
sample_06045.png,0_1_2,3
sample_06057.png,0_1_-1,2
sample_06056.png,0_1_-1,2
sample_06052.png,0_1_2,3
sample_06051.png,0_1_2,3
sample_06053.png,0_1_2,3
sample_06055.png,0_1_2,3
sample_06064.png,0_1_-1,2
sample_06065.png,0_1_-1,2
sample_06059.png,0_1_2,3
sample_06060.png,0_1_2,3
sample_06058.png,0_1_2,3
sample_06062.png,0_1_2,3
sample_06061.png,0_1_2,3
sample_06063.png,0_1_2,3
sample_06068.png,0_1_-1,2
sample_06069.png,0_1_-1,2
sample_06073.png,0_1_-1,2
sample_06070.png,0_1_-1,2
sample_06066.png,0_1_2,3
sample_06072.png,0_1_-1,2
sample_06075.png,0_1_-1,2
sample_06076.png,0_1_-1,2
sample_06067.png,0_1_2,3
sample_06074.png,0_1_2,3
sample_06071.png,0_1_2,3
sample_06080.png,0_1_-1,2
sample_06084.png,0_1_-1,2
sample_06077.png,0_1_2,3
sample_06090.png,0_1_-1,2
sample_06079.png,0_1_2,3
sample_06091.png,0_1_-1,2
sample_06081.png,0_1_2,3
sample_06082.png,0_1_2,3
sample_06083.png,0_1_2,3
sample_06085.png,0_1_2,3
sample_06078.png,0_1_2,3
sample_06093.png,0_1_-1,2
sample_06088.png,0_1_2,3
sample_06086.png,0_1_2,3
sample_06089.png,0_1_2,3
sample_06087.png,0_1_2,3
sample_06092.png,0_1_2,3
sample_06094.png,0_1_2,3
sample_06099.png,0_1_-1,2
sample_06100.png,0_1_-1,2
sample_06096.png,0_1_2,3
sample_06097.png,0_1_2,3
sample_06095.png,0_1_2,3
sample_06105.png,0_1_-1,2
sample_06107.png,0_1_-1,2
sample_06103.png,0_1_-1,2
sample_06101.png,0_1_-1,2
sample_06109.png,0_1_-1,2
sample_06098.png,0_1_2,3
sample_06102.png,0_1_2,3
sample_06104.png,0_1_2,3
sample_06108.png,0_1_2,3
sample_06106.png,0_1_2,3
sample_06112.png,0_1_2,3
sample_06111.png,0_1_2,3
sample_06110.png,0_1_2,3
sample_06114.png,0_1_-1,2
sample_06117.png,0_1_-1,2
sample_06113.png,0_1_2,3
sample_06115.png,0_1_-1,2
sample_06118.png,0_1_-1,2
sample_06120.png,0_1_-1,2
sample_06123.png,0_1_-1,2
sample_06116.png,0_1_2,3
sample_06119.png,0_1_2,3
sample_06126.png,0_1_-1,2
sample_06121.png,0_1_2,3
sample_06122.png,0_1_2,3
sample_06130.png,0_1_-1,2
sample_06127.png,0_1_-1,2
sample_06129.png,0_1_-1,2
sample_06132.png,0_1_-1,2
sample_06124.png,0_1_2,3
sample_06133.png,0_1_-1,2
sample_06125.png,0_1_2,3
sample_06128.png,0_1_2,3
sample_06135.png,0_1_-1,2
sample_06137.png,0_1_-1,2
sample_06138.png,0_1_-1,2
sample_06131.png,0_1_2,3
sample_06139.png,0_1_-1,2
sample_06136.png,0_1_2,3
sample_06134.png,0_1_2,3
sample_06143.png,0_1_-1,2
sample_06147.png,0_1_-1,2
sample_06146.png,0_1_-1,2
sample_06140.png,0_1_2,3
sample_06142.png,0_1_2,3
sample_06141.png,0_1_2,3
sample_06145.png,0_1_2,3
sample_06150.png,0_1_-1,2
sample_06144.png,0_1_2,3
sample_06148.png,0_1_2,3
sample_06155.png,0_1_-1,2
sample_06152.png,0_1_-1,2
sample_06149.png,0_1_2,3
sample_06158.png,0_1_-1,2
sample_06157.png,0_1_-1,2
sample_06151.png,0_1_2,3
sample_06153.png,0_1_2,3
sample_06154.png,0_1_2,3
sample_06159.png,0_1_-1,2
sample_06160.png,0_1_-1,2
sample_06162.png,0_1_-1,2
sample_06161.png,0_1_-1,2
sample_06163.png,0_1_-1,2
sample_06156.png,0_1_2,3
sample_06164.png,0_1_-1,2
sample_06168.png,0_1_-1,2
sample_06170.png,0_1_-1,2
sample_06166.png,0_1_2,3
sample_06165.png,0_1_2,3
sample_06173.png,0_1_-1,2
sample_06167.png,0_1_2,3
sample_06175.png,0_1_-1,2
sample_06171.png,0_1_2,3
sample_06177.png,0_1_-1,2
sample_06169.png,0_1_2,3
sample_06172.png,0_1_2,3
sample_06174.png,0_1_2,3
sample_06180.png,0_1_-1,2
sample_06178.png,0_1_2,3
sample_06176.png,0_1_2,3
sample_06183.png,0_1_-1,2
sample_06179.png,0_1_2,3
sample_06186.png,0_1_-1,2
sample_06182.png,0_1_2,3
sample_06181.png,0_1_2,3
sample_06184.png,0_1_2,3
sample_06189.png,0_1_-1,2
sample_06185.png,0_1_2,3
sample_06190.png,0_1_-1,2
sample_06193.png,0_1_-1,2
sample_06187.png,0_1_2,3
sample_06192.png,0_1_-1,2
sample_06197.png,0_1_-1,2
sample_06191.png,0_1_2,3
sample_06198.png,0_1_-1,2
sample_06188.png,0_1_2,3
sample_06200.png,0_1_-1,2
sample_06194.png,0_1_2,3
sample_06195.png,0_1_2,3
sample_06204.png,0_1_-1,2
sample_06199.png,0_1_2,3
sample_06205.png,0_1_-1,2
sample_06196.png,0_1_2,3
sample_06203.png,0_1_-1,2
sample_06201.png,0_1_2,3
sample_06202.png,0_1_2,3
sample_06210.png,0_1_-1,2
sample_06211.png,0_1_-1,2
sample_06212.png,0_1_-1,2
sample_06206.png,0_1_2,3
sample_06208.png,0_1_2,3
sample_06207.png,0_1_2,3
sample_06214.png,0_1_-1,2
sample_06213.png,0_1_-1,2
sample_06209.png,0_1_2,3
sample_06219.png,0_1_-1,2
sample_06217.png,0_1_2,3
sample_06215.png,0_1_2,3
sample_06221.png,0_1_-1,2
sample_06218.png,0_1_-1,2
sample_06216.png,0_1_2,3
sample_06226.png,0_1_-1,2
sample_06223.png,0_1_2,3
sample_06220.png,0_1_2,3
sample_06230.png,0_1_-1,2
sample_06228.png,0_1_-1,2
sample_06222.png,0_1_2,3
sample_06231.png,0_1_-1,2
sample_06224.png,0_1_2,3
sample_06232.png,0_1_-1,2
sample_06225.png,0_1_2,3
sample_06234.png,0_1_-1,2
sample_06227.png,0_1_2,3
sample_06229.png,0_1_2,3
sample_06233.png,0_1_2,3
sample_06238.png,0_1_-1,2
sample_06237.png,0_1_-1,2
sample_06235.png,0_1_2,3
sample_06236.png,0_1_2,3
sample_06242.png,0_1_-1,2
sample_06243.png,0_1_-1,2
sample_06240.png,0_1_2,3
sample_06245.png,0_1_-1,2
sample_06239.png,0_1_2,3
sample_06249.png,0_1_-1,2
sample_06241.png,0_1_2,3
sample_06250.png,0_1_-1,2
sample_06244.png,0_1_2,3
sample_06246.png,0_1_2,3
sample_06247.png,0_1_2,3
sample_06253.png,0_1_-1,2
sample_06252.png,0_1_-1,2
sample_06248.png,0_1_2,3
sample_06251.png,0_1_2,3
sample_06255.png,0_1_-1,2
sample_06256.png,0_1_-1,2
sample_06257.png,0_1_-1,2
sample_06254.png,0_1_2,3
sample_06258.png,0_1_-1,2
sample_06260.png,0_1_-1,2
sample_06259.png,0_1_-1,2
sample_06263.png,0_1_-1,2
sample_06266.png,0_1_-1,2
sample_06261.png,0_1_2,3
sample_06262.png,0_1_2,3
sample_06265.png,0_1_-1,2
sample_06269.png,0_1_-1,2
sample_06272.png,0_1_-1,2
sample_06264.png,0_1_2,3
sample_06267.png,0_1_-1,2
sample_06274.png,0_1_-1,2
sample_06271.png,0_1_2,3
sample_06268.png,0_1_2,3
sample_06277.png,0_1_-1,2
sample_06270.png,0_1_2,3
sample_06280.png,0_1_-1,2
sample_06279.png,0_1_-1,2
sample_06281.png,0_1_-1,2
sample_06273.png,0_1_2,3
sample_06275.png,0_1_2,3
sample_06276.png,0_1_2,3
sample_06278.png,0_1_2,3
sample_06282.png,0_1_-1,2
sample_06285.png,0_1_-1,2
sample_06284.png,0_1_-1,2
sample_06287.png,0_1_-1,2
sample_06283.png,0_1_2,3
sample_06290.png,0_1_-1,2
sample_06292.png,0_1_-1,2
sample_06291.png,0_1_-1,2
sample_06288.png,0_1_2,3
sample_06293.png,0_1_-1,2
sample_06289.png,0_1_2,3
sample_06295.png,0_1_-1,2
sample_06286.png,0_1_2,3
sample_06294.png,0_1_2,3
sample_06296.png,0_1_2,3
sample_06302.png,0_1_-1,2
sample_06303.png,0_1_-1,2
sample_06299.png,0_1_2,3
sample_06298.png,0_1_2,3
sample_06301.png,0_1_2,3
sample_06297.png,0_1_2,3
sample_06307.png,0_1_-1,2
sample_06306.png,0_1_-1,2
sample_06304.png,0_1_2,3
sample_06309.png,0_1_-1,2
sample_06300.png,0_1_2,3
sample_06308.png,0_1_-1,2
sample_06305.png,0_1_2,3
sample_06312.png,0_1_-1,2
sample_06311.png,0_1_-1,2
sample_06313.png,0_1_-1,2
sample_06314.png,0_1_-1,2
sample_06316.png,0_1_-1,2
sample_06310.png,0_1_2,3
sample_06315.png,0_1_-1,2
sample_06319.png,0_1_-1,2
sample_06317.png,0_1_2,3
sample_06322.png,0_1_-1,2
sample_06325.png,0_1_-1,2
sample_06326.png,0_1_-1,2
sample_06318.png,0_1_2,3
sample_06328.png,0_1_-1,2
sample_06320.png,0_1_2,3
sample_06323.png,0_1_-1,2
sample_06321.png,0_1_2,3
sample_06331.png,0_1_-1,2
sample_06324.png,0_1_2,3
sample_06330.png,0_1_-1,2
sample_06332.png,0_1_-1,2
sample_06327.png,0_1_2,3
sample_06334.png,0_1_-1,2
sample_06335.png,0_1_-1,2
sample_06329.png,0_1_2,3
sample_06337.png,0_1_-1,2
sample_06333.png,0_1_2,3
sample_06338.png,0_1_-1,2
sample_06342.png,0_1_-1,2
sample_06340.png,0_1_-1,2
sample_06345.png,0_1_-1,2
sample_06344.png,0_1_-1,2
sample_06336.png,0_1_2,3
sample_06346.png,0_1_-1,2
sample_06350.png,0_1_-1,2
sample_06349.png,0_1_-1,2
sample_06339.png,0_1_2,3
sample_06343.png,0_1_2,3
sample_06348.png,0_1_-1,2
sample_06352.png,0_1_-1,2
sample_06355.png,0_1_-1,2
sample_06356.png,0_1_-1,2
sample_06347.png,0_1_2,3
sample_06353.png,0_1_2,3
sample_06357.png,0_1_-1,2
sample_06341.png,0_1_2,3
sample_06351.png,0_1_2,3
sample_06354.png,0_1_2,3
sample_06360.png,0_1_-1,2
sample_06364.png,0_1_-1,2
sample_06359.png,0_1_2,3
sample_06367.png,0_1_-1,2
sample_06361.png,0_1_2,3
sample_06363.png,0_1_2,3
sample_06365.png,0_1_2,3
sample_06358.png,0_1_2,3
sample_06370.png,0_1_-1,2
sample_06362.png,0_1_2,3
sample_06368.png,0_1_2,3
sample_06366.png,0_1_2,3
sample_06369.png,0_1_2,3
sample_06377.png,0_1_-1,2
sample_06378.png,0_1_-1,2
sample_06372.png,0_1_2,3
sample_06371.png,0_1_2,3
sample_06379.png,0_1_-1,2
sample_06374.png,0_1_2,3
sample_06373.png,0_1_2,3
sample_06376.png,0_1_2,3
sample_06375.png,0_1_2,3
sample_06386.png,0_1_-1,2
sample_06380.png,0_1_2,3
sample_06387.png,0_1_-1,2
sample_06389.png,0_1_-1,2
sample_06382.png,0_1_2,3
sample_06383.png,0_1_2,3
sample_06390.png,0_1_-1,2
sample_06381.png,0_1_2,3
sample_06384.png,0_1_2,3
sample_06385.png,0_1_2,3
sample_06392.png,0_1_-1,2
sample_06394.png,0_1_-1,2
sample_06388.png,0_1_2,3
sample_06396.png,0_1_-1,2
sample_06397.png,0_1_-1,2
sample_06391.png,0_1_2,3
sample_06393.png,0_1_2,3
sample_06401.png,0_1_-1,2
sample_06395.png,0_1_2,3
sample_06398.png,0_1_2,3
sample_06402.png,0_1_-1,2
sample_06400.png,0_1_-1,2
sample_06408.png,0_1_-1,2
sample_06399.png,0_1_2,3
sample_06405.png,0_1_-1,2
sample_06409.png,0_1_-1,2
sample_06411.png,0_1_-1,2
sample_06413.png,0_1_-1,2
sample_06414.png,0_1_-1,2
sample_06404.png,0_1_2,3
sample_06407.png,0_1_2,3
sample_06406.png,0_1_2,3
sample_06415.png,0_1_-1,2
sample_06403.png,0_1_2,3
sample_06416.png,0_1_-1,2
sample_06412.png,0_1_2,3
sample_06410.png,0_1_2,3
sample_06420.png,0_1_-1,2
sample_06423.png,0_1_-1,2
sample_06422.png,0_1_-1,2
sample_06418.png,0_1_2,3
sample_06421.png,0_1_2,3
sample_06424.png,0_1_2,3
sample_06419.png,0_1_2,3
sample_06427.png,0_1_-1,2
sample_06417.png,0_1_2,3
sample_06433.png,0_1_-1,2
sample_06432.png,0_1_-1,2
sample_06429.png,0_1_-1,2
sample_06434.png,0_1_-1,2
sample_06430.png,0_1_-1,2
sample_06426.png,0_1_2,3
sample_06425.png,0_1_2,3
sample_06428.png,0_1_2,3
sample_06431.png,0_1_2,3
sample_06436.png,0_1_-1,2
sample_06435.png,0_1_2,3
sample_06440.png,0_1_-1,2
sample_06441.png,0_1_-1,2
sample_06443.png,0_1_-1,2
sample_06437.png,0_1_2,3
sample_06438.png,0_1_2,3
sample_06446.png,0_1_-1,2
sample_06439.png,0_1_2,3
sample_06444.png,0_1_2,3
sample_06442.png,0_1_2,3
sample_06448.png,0_1_-1,2
sample_06449.png,0_1_-1,2
sample_06452.png,0_1_-1,2
sample_06453.png,0_1_-1,2
sample_06450.png,0_1_-1,2
sample_06445.png,0_1_2,3
sample_06455.png,0_1_-1,2
sample_06447.png,0_1_2,3
sample_06451.png,0_1_2,3
sample_06456.png,0_1_-1,2
sample_06454.png,0_1_2,3
sample_06458.png,0_1_-1,2
sample_06460.png,0_1_-1,2
sample_06462.png,0_1_-1,2
sample_06457.png,0_1_2,3
sample_06463.png,0_1_-1,2
sample_06459.png,0_1_2,3
sample_06468.png,0_1_-1,2
sample_06461.png,0_1_2,3
sample_06472.png,0_1_-1,2
sample_06466.png,0_1_2,3
sample_06465.png,0_1_2,3
sample_06464.png,0_1_2,3
sample_06467.png,0_1_2,3
sample_06469.png,0_1_2,3
sample_06473.png,0_1_-1,2
sample_06476.png,0_1_-1,2
sample_06475.png,0_1_-1,2
sample_06470.png,0_1_2,3
sample_06471.png,0_1_2,3
sample_06480.png,0_1_-1,2
sample_06479.png,0_1_-1,2
sample_06474.png,0_1_2,3
sample_06477.png,0_1_2,3
sample_06482.png,0_1_-1,2
sample_06478.png,0_1_2,3
sample_06481.png,0_1_2,3
sample_06486.png,0_1_-1,2
sample_06485.png,0_1_-1,2
sample_06490.png,0_1_-1,2
sample_06483.png,0_1_2,3
sample_06484.png,0_1_2,3
sample_06492.png,0_1_-1,2
sample_06487.png,0_1_2,3
sample_06493.png,0_1_-1,2
sample_06494.png,0_1_-1,2
sample_06497.png,0_1_-1,2
sample_06491.png,0_1_2,3
sample_06488.png,0_1_2,3
sample_06498.png,0_1_-1,2
sample_06499.png,0_1_-1,2
sample_06489.png,0_1_2,3
sample_06495.png,0_1_2,3
sample_06496.png,0_1_2,3
sample_06502.png,0_1_-1,2
sample_06505.png,0_1_-1,2
sample_06506.png,0_1_-1,2
sample_06501.png,0_1_2,3
sample_06503.png,0_1_2,3
sample_06508.png,0_1_-1,2
sample_06509.png,0_1_-1,2
sample_06500.png,0_1_2,3
sample_06504.png,0_1_2,3
sample_06510.png,0_1_-1,2
sample_06511.png,0_1_-1,2
sample_06507.png,0_1_2,3
sample_06512.png,0_1_-1,2
sample_06515.png,0_1_-1,2
sample_06517.png,0_1_-1,2
sample_06514.png,0_1_-1,2
sample_06519.png,0_1_-1,2
sample_06513.png,0_1_2,3
sample_06520.png,0_1_-1,2
sample_06518.png,0_1_-1,2
sample_06516.png,0_1_2,3
sample_06521.png,0_1_-1,2
sample_06525.png,0_1_-1,2
sample_06526.png,0_1_-1,2
sample_06530.png,0_1_-1,2
sample_06531.png,0_1_-1,2
sample_06522.png,0_1_2,3
sample_06529.png,0_1_2,3
sample_06527.png,0_1_2,3
sample_06528.png,0_1_2,3
sample_06524.png,0_1_2,3
sample_06523.png,0_1_2,3
sample_06537.png,0_1_-1,2
sample_06538.png,0_1_-1,2
sample_06539.png,0_1_-1,2
sample_06533.png,0_1_2,3
sample_06534.png,0_1_2,3
sample_06532.png,0_1_2,3
sample_06540.png,0_1_-1,2
sample_06536.png,0_1_2,3
sample_06542.png,0_1_-1,2
sample_06535.png,0_1_2,3
sample_06541.png,0_1_-1,2
sample_06544.png,0_1_-1,2
sample_06545.png,0_1_-1,2
sample_06546.png,0_1_-1,2
sample_06543.png,0_1_2,3
sample_06551.png,0_1_-1,2
sample_06548.png,0_1_2,3
sample_06557.png,0_1_-1,2
sample_06547.png,0_1_2,3
sample_06549.png,0_1_2,3
sample_06559.png,0_1_-1,2
sample_06554.png,0_1_-1,2
sample_06553.png,0_1_2,3
sample_06552.png,0_1_2,3
sample_06550.png,0_1_2,3
sample_06563.png,0_1_-1,2
sample_06555.png,0_1_2,3
sample_06564.png,0_1_-1,2
sample_06556.png,0_1_2,3
sample_06561.png,0_1_2,3
sample_06566.png,0_1_-1,2
sample_06558.png,0_1_2,3
sample_06560.png,0_1_2,3
sample_06567.png,0_1_-1,2
sample_06565.png,0_1_2,3
sample_06562.png,0_1_2,3
sample_06568.png,0_1_-1,2
sample_06572.png,0_1_-1,2
sample_06569.png,0_1_2,3
sample_06577.png,0_1_-1,2
sample_06570.png,0_1_2,3
sample_06571.png,0_1_2,3
sample_06579.png,0_1_-1,2
sample_06573.png,0_1_2,3
sample_06583.png,0_1_-1,2
sample_06581.png,0_1_-1,2
sample_06576.png,0_1_2,3
sample_06575.png,0_1_2,3
sample_06578.png,0_1_2,3
sample_06574.png,0_1_2,3
sample_06582.png,0_1_2,3
sample_06580.png,0_1_2,3
sample_06584.png,0_1_2,3
sample_06588.png,0_1_-1,2
sample_06585.png,0_1_2,3
sample_06590.png,0_1_-1,2
sample_06591.png,0_1_-1,2
sample_06586.png,0_1_2,3
sample_06587.png,0_1_2,3
sample_06589.png,0_1_2,3
sample_06599.png,0_1_-1,2
sample_06596.png,0_1_-1,2
sample_06598.png,0_1_-1,2
sample_06600.png,0_1_-1,2
sample_06593.png,0_1_2,3
sample_06592.png,0_1_2,3
sample_06601.png,0_1_-1,2
sample_06594.png,0_1_2,3
sample_06595.png,0_1_2,3
sample_06597.png,0_1_-1,2
sample_06602.png,0_1_-1,2
sample_06604.png,0_1_-1,2
sample_06605.png,0_1_-1,2
sample_06603.png,0_1_2,3
sample_06609.png,0_1_-1,2
sample_06611.png,0_1_-1,2
sample_06606.png,0_1_2,3
sample_06612.png,0_1_-1,2
sample_06614.png,0_1_-1,2
sample_06607.png,0_1_2,3
sample_06616.png,0_1_-1,2
sample_06615.png,0_1_-1,2
sample_06608.png,0_1_2,3
sample_06610.png,0_1_2,3
sample_06613.png,0_1_2,3
sample_06620.png,0_1_-1,2
sample_06621.png,0_1_-1,2
sample_06624.png,0_1_-1,2
sample_06617.png,0_1_2,3
sample_06619.png,0_1_2,3
sample_06618.png,0_1_2,3
sample_06623.png,0_1_2,3
sample_06625.png,0_1_-1,2
sample_06627.png,0_1_-1,2
sample_06626.png,0_1_-1,2
sample_06622.png,0_1_2,3
sample_06629.png,0_1_-1,2
sample_06630.png,0_1_-1,2
sample_06631.png,0_1_-1,2
sample_06632.png,0_1_-1,2
sample_06636.png,0_1_-1,2
sample_06638.png,0_1_-1,2
sample_06637.png,0_1_-1,2
sample_06639.png,0_1_-1,2
sample_06633.png,0_1_2,3
sample_06634.png,0_1_2,3
sample_06635.png,0_1_2,3
sample_06640.png,0_1_-1,2
sample_06641.png,0_1_-1,2
sample_06628.png,0_1_2,3
sample_06643.png,0_1_-1,2
sample_06644.png,0_1_-1,2
sample_06642.png,0_1_2,3
sample_06646.png,0_1_-1,2
sample_06651.png,0_1_-1,2
sample_06647.png,0_1_2,3
sample_06652.png,0_1_-1,2
sample_06653.png,0_1_-1,2
sample_06657.png,0_1_-1,2
sample_06649.png,0_1_2,3
sample_06658.png,0_1_-1,2
sample_06645.png,0_1_2,3
sample_06656.png,0_1_-1,2
sample_06650.png,0_1_2,3
sample_06661.png,0_1_-1,2
sample_06659.png,0_1_-1,2
sample_06655.png,0_1_2,3
sample_06648.png,0_1_2,3
sample_06654.png,0_1_2,3
sample_06664.png,0_1_-1,2
sample_06660.png,0_1_2,3
sample_06662.png,0_1_2,3
sample_06663.png,0_1_2,3
sample_06665.png,0_1_2,3
sample_06666.png,0_1_-1,2
sample_06673.png,0_1_-1,2
sample_06672.png,0_1_-1,2
sample_06670.png,0_1_-1,2
sample_06675.png,0_1_-1,2
sample_06678.png,0_1_-1,2
sample_06679.png,0_1_-1,2
sample_06668.png,0_1_2,3
sample_06667.png,0_1_2,3
sample_06669.png,0_1_2,3
sample_06680.png,0_1_-1,2
sample_06681.png,0_1_-1,2
sample_06676.png,0_1_2,3
sample_06674.png,0_1_2,3
sample_06677.png,0_1_2,3
sample_06671.png,0_1_2,3
sample_06684.png,0_1_-1,2
sample_06683.png,0_1_-1,2
sample_06685.png,0_1_-1,2
sample_06682.png,0_1_2,3
sample_06687.png,0_1_-1,2
sample_06692.png,0_1_-1,2
sample_06686.png,0_1_2,3
sample_06693.png,0_1_-1,2
sample_06694.png,0_1_-1,2
sample_06689.png,0_1_2,3
sample_06688.png,0_1_2,3
sample_06696.png,0_1_-1,2
sample_06691.png,0_1_2,3
sample_06697.png,0_1_-1,2
sample_06690.png,0_1_2,3
sample_06699.png,0_1_-1,2
sample_06701.png,0_1_-1,2
sample_06695.png,0_1_2,3
sample_06698.png,0_1_2,3
sample_06706.png,0_1_-1,2
sample_06700.png,0_1_2,3
sample_06707.png,0_1_-1,2
sample_06703.png,0_1_2,3
sample_06704.png,0_1_2,3
sample_06705.png,0_1_2,3
sample_06711.png,0_1_-1,2
sample_06712.png,0_1_-1,2
sample_06715.png,0_1_-1,2
sample_06714.png,0_1_-1,2
sample_06713.png,0_1_-1,2
sample_06702.png,0_1_2,3
sample_06716.png,0_1_-1,2
sample_06708.png,0_1_2,3
sample_06717.png,0_1_-1,2
sample_06709.png,0_1_2,3
sample_06718.png,0_1_-1,2
sample_06710.png,0_1_2,3
sample_06719.png,0_1_-1,2
sample_06720.png,0_1_2,3
sample_06726.png,0_1_-1,2
sample_06721.png,0_1_2,3
sample_06727.png,0_1_-1,2
sample_06723.png,0_1_2,3
sample_06728.png,0_1_-1,2
sample_06722.png,0_1_2,3
sample_06732.png,0_1_-1,2
sample_06729.png,0_1_-1,2
sample_06733.png,0_1_-1,2
sample_06725.png,0_1_2,3
sample_06734.png,0_1_-1,2
sample_06724.png,0_1_2,3
sample_06735.png,0_1_-1,2
sample_06731.png,0_1_-1,2
sample_06730.png,0_1_2,3
sample_06736.png,0_1_2,3
sample_06738.png,0_1_2,3
sample_06737.png,0_1_2,3
sample_06739.png,0_1_2,3
sample_06741.png,0_1_-1,2
sample_06749.png,0_1_-1,2
sample_06745.png,0_1_-1,2
sample_06750.png,0_1_-1,2
sample_06740.png,0_1_2,3
sample_06751.png,0_1_-1,2
sample_06752.png,0_1_-1,2
sample_06743.png,0_1_2,3
sample_06742.png,0_1_2,3
sample_06744.png,0_1_2,3
sample_06746.png,0_1_2,3
sample_06748.png,0_1_2,3
sample_06755.png,0_1_-1,2
sample_06747.png,0_1_2,3
sample_06754.png,0_1_2,3
sample_06757.png,0_1_-1,2
sample_06759.png,0_1_-1,2
sample_06753.png,0_1_2,3
sample_06758.png,0_1_-1,2
sample_06760.png,0_1_-1,2
sample_06762.png,0_1_-1,2
sample_06756.png,0_1_2,3
sample_06763.png,0_1_-1,2
sample_06764.png,0_1_-1,2
sample_06768.png,0_1_-1,2
sample_06771.png,0_1_-1,2
sample_06761.png,0_1_2,3
sample_06772.png,0_1_-1,2
sample_06765.png,0_1_2,3
sample_06766.png,0_1_2,3
sample_06775.png,0_1_-1,2
sample_06777.png,0_1_-1,2
sample_06769.png,0_1_2,3
sample_06774.png,0_1_-1,2
sample_06778.png,0_1_-1,2
sample_06779.png,0_1_-1,2
sample_06770.png,0_1_2,3
sample_06767.png,0_1_2,3
sample_06781.png,0_1_-1,2
sample_06780.png,0_1_-1,2
sample_06776.png,0_1_2,3
sample_06773.png,0_1_2,3
sample_06783.png,0_1_2,3
sample_06782.png,0_1_2,3
sample_06789.png,0_1_-1,2
sample_06790.png,0_1_-1,2
sample_06792.png,0_1_-1,2
sample_06796.png,0_1_-1,2
sample_06784.png,0_1_2,3
sample_06786.png,0_1_2,3
sample_06785.png,0_1_2,3
sample_06787.png,0_1_2,3
sample_06788.png,0_1_2,3
sample_06799.png,0_1_-1,2
sample_06794.png,0_1_2,3
sample_06793.png,0_1_2,3
sample_06795.png,0_1_2,3
sample_06801.png,0_1_-1,2
sample_06797.png,0_1_2,3
sample_06802.png,0_1_-1,2
sample_06798.png,0_1_2,3
sample_06791.png,0_1_2,3
sample_06805.png,0_1_-1,2
sample_06800.png,0_1_2,3
sample_06804.png,0_1_-1,2
sample_06806.png,0_1_-1,2
sample_06808.png,0_1_-1,2
sample_06810.png,0_1_-1,2
sample_06811.png,0_1_-1,2
sample_06803.png,0_1_2,3
sample_06815.png,0_1_-1,2
sample_06809.png,0_1_2,3
sample_06807.png,0_1_2,3
sample_06816.png,0_1_-1,2
sample_06812.png,0_1_2,3
sample_06819.png,0_1_-1,2
sample_06818.png,0_1_-1,2
sample_06813.png,0_1_2,3
sample_06822.png,0_1_-1,2
sample_06814.png,0_1_2,3
sample_06817.png,0_1_2,3
sample_06827.png,0_1_-1,2
sample_06821.png,0_1_2,3
sample_06820.png,0_1_2,3
sample_06826.png,0_1_-1,2
sample_06828.png,0_1_-1,2
sample_06824.png,0_1_2,3
sample_06825.png,0_1_2,3
sample_06823.png,0_1_2,3
sample_06833.png,0_1_-1,2
sample_06829.png,0_1_2,3
sample_06835.png,0_1_-1,2
sample_06837.png,0_1_-1,2
sample_06834.png,0_1_2,3
sample_06830.png,0_1_2,3
sample_06832.png,0_1_2,3
sample_06836.png,0_1_2,3
sample_06845.png,0_1_-1,2
sample_06844.png,0_1_-1,2
sample_06831.png,0_1_2,3
sample_06842.png,0_1_-1,2
sample_06839.png,0_1_2,3
sample_06838.png,0_1_2,3
sample_06840.png,0_1_2,3
sample_06843.png,0_1_2,3
sample_06847.png,0_1_-1,2
sample_06849.png,0_1_-1,2
sample_06851.png,0_1_-1,2
sample_06852.png,0_1_-1,2
sample_06853.png,0_1_-1,2
sample_06846.png,0_1_2,3
sample_06848.png,0_1_2,3
sample_06841.png,0_1_2,3
sample_06854.png,0_1_-1,2
sample_06855.png,0_1_-1,2
sample_06856.png,0_1_-1,2
sample_06857.png,0_1_-1,2
sample_06860.png,0_1_-1,2
sample_06850.png,0_1_2,3
sample_06864.png,0_1_-1,2
sample_06858.png,0_1_2,3
sample_06865.png,0_1_-1,2
sample_06861.png,0_1_2,3
sample_06866.png,0_1_-1,2
sample_06869.png,0_1_-1,2
sample_06862.png,0_1_2,3
sample_06872.png,0_1_-1,2
sample_06873.png,0_1_-1,2
sample_06863.png,0_1_2,3
sample_06859.png,0_1_2,3
sample_06874.png,0_1_-1,2
sample_06875.png,0_1_-1,2
sample_06876.png,0_1_-1,2
sample_06878.png,0_1_-1,2
sample_06868.png,0_1_2,3
sample_06871.png,0_1_2,3
sample_06867.png,0_1_2,3
sample_06870.png,0_1_2,3
sample_06882.png,0_1_-1,2
sample_06877.png,0_1_2,3
sample_06887.png,0_1_-1,2
sample_06879.png,0_1_2,3
sample_06883.png,0_1_-1,2
sample_06884.png,0_1_-1,2
sample_06888.png,0_1_-1,2
sample_06885.png,0_1_-1,2
sample_06880.png,0_1_2,3
sample_06881.png,0_1_2,3
sample_06891.png,0_1_-1,2
sample_06893.png,0_1_-1,2
sample_06894.png,0_1_-1,2
sample_06886.png,0_1_2,3
sample_06889.png,0_1_2,3
sample_06896.png,0_1_-1,2
sample_06895.png,0_1_-1,2
sample_06890.png,0_1_2,3
sample_06897.png,0_1_-1,2
sample_06892.png,0_1_2,3
sample_06899.png,0_1_-1,2
sample_06898.png,0_1_-1,2
sample_06901.png,0_1_-1,2
sample_06900.png,0_1_-1,2
sample_06902.png,0_1_-1,2
sample_06904.png,0_1_-1,2
sample_06903.png,0_1_2,3
sample_06905.png,0_1_2,3
sample_06906.png,0_1_2,3
sample_06907.png,0_1_2,3
sample_06915.png,0_1_-1,2
sample_06914.png,0_1_-1,2
sample_06917.png,0_1_-1,2
sample_06911.png,0_1_-1,2
sample_06916.png,0_1_-1,2
sample_06913.png,0_1_2,3
sample_06910.png,0_1_2,3
sample_06908.png,0_1_2,3
sample_06912.png,0_1_2,3
sample_06909.png,0_1_2,3
sample_06918.png,0_1_2,3
sample_06919.png,0_1_2,3
sample_06920.png,0_1_2,3
sample_06923.png,0_1_2,3
sample_06921.png,0_1_2,3
sample_06922.png,0_1_2,3
sample_06926.png,0_1_-1,2
sample_06930.png,0_1_-1,2
sample_06931.png,0_1_-1,2
sample_06924.png,0_1_2,3
sample_06925.png,0_1_2,3
sample_06932.png,0_1_-1,2
sample_06933.png,0_1_-1,2
sample_06934.png,0_1_-1,2
sample_06928.png,0_1_2,3
sample_06936.png,0_1_-1,2
sample_06927.png,0_1_2,3
sample_06929.png,0_1_2,3
sample_06935.png,0_1_2,3
sample_06939.png,0_1_-1,2
sample_06941.png,0_1_-1,2
sample_06938.png,0_1_2,3
sample_06943.png,0_1_-1,2
sample_06942.png,0_1_-1,2
sample_06940.png,0_1_-1,2
sample_06944.png,0_1_-1,2
sample_06937.png,0_1_2,3
sample_06949.png,0_1_-1,2
sample_06948.png,0_1_-1,2
sample_06946.png,0_1_-1,2
sample_06947.png,0_1_-1,2
sample_06945.png,0_1_-1,2
sample_06950.png,0_1_-1,2
sample_06952.png,0_1_-1,2
sample_06953.png,0_1_-1,2
sample_06954.png,0_1_-1,2
sample_06956.png,0_1_-1,2
sample_06957.png,0_1_-1,2
sample_06951.png,0_1_2,3
sample_06955.png,0_1_2,3
sample_06963.png,0_1_-1,2
sample_06965.png,0_1_-1,2
sample_06958.png,0_1_2,3
sample_06966.png,0_1_-1,2
sample_06959.png,0_1_2,3
sample_06962.png,0_1_2,3
sample_06969.png,0_1_-1,2
sample_06960.png,0_1_2,3
sample_06961.png,0_1_2,3
sample_06970.png,0_1_-1,2
sample_06964.png,0_1_2,3
sample_06972.png,0_1_-1,2
sample_06967.png,0_1_2,3
sample_06973.png,0_1_2,3
sample_06975.png,0_1_-1,2
sample_06977.png,0_1_-1,2
sample_06968.png,0_1_2,3
sample_06978.png,0_1_-1,2
sample_06971.png,0_1_2,3
sample_06974.png,0_1_2,3
sample_06976.png,0_1_2,3
sample_06979.png,0_1_-1,2
sample_06980.png,0_1_-1,2
sample_06984.png,0_1_-1,2
sample_06981.png,0_1_-1,2
sample_06988.png,0_1_-1,2
sample_06989.png,0_1_-1,2
sample_06983.png,0_1_2,3
sample_06982.png,0_1_2,3
sample_06986.png,0_1_2,3
sample_06990.png,0_1_-1,2
sample_06985.png,0_1_2,3
sample_06987.png,0_1_2,3
sample_06994.png,0_1_-1,2
sample_06996.png,0_1_-1,2
sample_06995.png,0_1_-1,2
sample_06991.png,0_1_2,3
sample_06999.png,0_1_-1,2
sample_06993.png,0_1_2,3
sample_06998.png,0_1_2,3
sample_06997.png,0_1_2,3
sample_06992.png,0_1_2,3
